LocationID,Location Name,No of ATMs,City,State,Country,ATMID
LA-001,Wisabi Bank HQ,7,Lagos,Lagos,Nigeria,RI-004
LA-002,Victoria Island ATM,3,Lagos,Lagos,Nigeria,FC-005
LA-003,Ikeja ATM,3,Lagos,Lagos,Nigeria,FC-005
LA-004,Lekki ATM,3,Lagos,Lagos,Nigeria,FC-006
LA-005,Surulere ATM,3,Lagos,Lagos,Nigeria,FC-006
LA-006,Festac ATM,3,Lagos,Lagos,Nigeria,FC-006
LA-007,Apapa ATM,3,Lagos,Lagos,Nigeria,LA-005
LA-008,Ikorodu ATM,3,Lagos,Lagos,Nigeria,RI-001
LA-009,Yaba ATM,3,Lagos,Lagos,Nigeria,RI-003
LA-010,Maryland ATM,3,Lagos,Lagos,Nigeria,EN-009
LA-011,Ajah ATM,3,Lagos,Lagos,Nigeria,EN-007
LA-012,Oshodi ATM,3,Lagos,Lagos,Nigeria,RI-008
LA-013,Ogba ATM,3,Lagos,Lagos,Nigeria,RI-008
LA-014,Ikoyi ATM,3,Lagos,Lagos,Nigeria,FC-006
LA-015,Agege ATM,3,Lagos,Lagos,Nigeria,FC-005
KN-001,Wisabi Bank Kano Branch ATM,5,Kano,Kano,Nigeria,EN-009
KN-002,Sabon Gari ATM,2,Kano,Kano,Nigeria,KN-010
KN-003,Fagge ATM,2,Kano,Kano,Nigeria,FC-004
KN-004,Nassarawa ATM,2,Kano,Kano,Nigeria,FC-006
KN-005,Kofar Ruwa ATM,2,Kano,Kano,Nigeria,FC-003
KN-006,Tarauni ATM,2,Kano,Kano,Nigeria,FC-004
KN-007,Dala ATM,2,Kano,Kano,Nigeria,KN-005
KN-008,Gwale ATM,2,Kano,Kano,Nigeria,FC-004
KN-009,Ungogo ATM,2,Kano,Kano,Nigeria,FC-006
KN-010,Warawa ATM,2,Kano,Kano,Nigeria,FC-005
FC-001,FCT Abuja ATM,5,Abuja,Federal Capital Territory,Nigeria,KN-005
FC-002,Kubwa ATM,2,Abuja,Federal Capital Territory,Nigeria,KN-005
FC-003,Garki ATM,2,Abuja,Federal Capital Territory,Nigeria,RI-007
FC-004,Maitama ATM,2,Abuja,Federal Capital Territory,Nigeria,FC-001
FC-005,Wuse ATM,2,Abuja,Federal Capital Territory,Nigeria,EN-008
FC-006,Lugbe ATM,2,Abuja,Federal Capital Territory,Nigeria,EN-008
EN-001,Enugu ATM,5,Enugu,Enugu,Nigeria,KN-005
EN-002,Nsukka ATM,2,Nsukka,Enugu,Nigeria,FC-006
EN-003,Agbani ATM,2,Enugu,Enugu,Nigeria,EN-009
EN-004,Abakpa ATM,2,Enugu,Enugu,Nigeria,LA-006
EN-005,Awgu ATM,2,Awgu,Enugu,Nigeria,LA-011
EN-006,Oji River ATM,2,Oji,Enugu,Nigeria,EN-006
EN-007,Udi ATM,2,Udi,Enugu,Nigeria,LA-003
EN-008,Nkanu ATM,2,Nkanu,Enugu,Nigeria,FC-006
EN-009,Emene ATM,2,Enugu,Enugu,Nigeria,LA-015
RI-001,Port Harcourt ATM,5,Port Harcourt,Rivers State,Nigeria,EN-001
RI-002,Bonny ATM,2,Bonny,Rivers State,Nigeria,FC-001
RI-003,Okrika ATM,2,Okrika,Rivers State,Nigeria,FC-005
RI-004,Obio-Akpor ATM,2,Obio-Akpor,Rivers State,Nigeria,FC-006
RI-005,Eleme ATM,2,Eleme,Rivers State,Nigeria,KN-004
RI-006,Emohua ATM,2,Emohua,Rivers State,Nigeria,LA-006
RI-007,Gokana ATM,2,Gokana,Rivers State,Nigeria,EN-001
RI-008,Oyigbo ATM,2,Oyigbo,Rivers State,Nigeria,FC-006
RI-009,Ahoada ATM,2,Ahoada,Rivers State,Nigeria,KN-002
RI-010,Opobo ATM,2,Opobo,Rivers State,Nigeria,EN-009
,,,,,,
,,,,,,
,,,,,,
,,,,,,
,,,,,,
,,,,,,
,,,,,,
,,,,,,
,,,,,,
,,,,,,
,,,,,,
,,,,,,
,,,,,,
,,,,,,
,,,,,,
,,,,,,
,,,,,,
,,,,,,
,,,,,,
,,,,,,
,,,,,,
,,,,,,
,,,,,,
,,,,,,
,,,,,,
,,,,,,
,,,,,,
,,,,,,
,,,,,,
,,,,,,
,,,,,,
,,,,,,
,,,,,,
,,,,,,
,,,,,,
,,,,,,
,,,,,,
,,,,,,
,,,,,,
,,,,,,
,,,,,,
,,,,,,
,,,,,,
,,,,,,
,,,,,,
,,,,,,
,,,,,,
,,,,,,
,,,,,,
,,,,,,
,,,,,,
,,,,,,
,,,,,,
,,,,,,
,,,,,,
,,,,,,
,,,,,,
,,,,,,
,,,,,,
,,,,,,
,,,,,,
,,,,,,
,,,,,,
,,,,,,
,,,,,,
,,,,,,
,,,,,,
,,,,,,
,,,,,,
,,,,,,
,,,,,,
,,,,,,
,,,,,,
,,,,,,
,,,,,,
,,,,,,
,,,,,,
,,,,,,
,,,,,,
,,,,,,
,,,,,,
,,,,,,
,,,,,,
,,,,,,
,,,,,,
,,,,,,
,,,,,,
,,,,,,
,,,,,,
,,,,,,
,,,,,,
,,,,,,
,,,,,,
,,,,,,
,,,,,,
,,,,,,
,,,,,,
,,,,,,
,,,,,,
,,,,,,
,,,,,,
,,,,,,
,,,,,,
,,,,,,
,,,,,,
,,,,,,
,,,,,,
,,,,,,
,,,,,,
,,,,,,
,,,,,,
,,,,,,
,,,,,,
,,,,,,
,,,,,,
,,,,,,
,,,,,,
,,,,,,
,,,,,,
,,,,,,
,,,,,,
,,,,,,
,,,,,,
,,,,,,
,,,,,,
,,,,,,
,,,,,,
,,,,,,
,,,,,,
,,,,,,
,,,,,,
,,,,,,
,,,,,,
,,,,,,
,,,,,,
,,,,,,
,,,,,,
,,,,,,
,,,,,,
,,,,,,
,,,,,,
,,,,,,
,,,,,,
,,,,,,
,,,,,,
,,,,,,
,,,,,,
,,,,,,
,,,,,,
,,,,,,
,,,,,,
,,,,,,
,,,,,,
,,,,,,
,,,,,,
,,,,,,
,,,,,,
,,,,,,
,,,,,,
,,,,,,
,,,,,,
,,,,,,
,,,,,,
,,,,,,
,,,,,,
,,,,,,
,,,,,,
,,,,,,
,,,,,,
,,,,,,
,,,,,,
,,,,,,
,,,,,,
,,,,,,
,,,,,,
,,,,,,
,,,,,,
,,,,,,
,,,,,,
,,,,,,
,,,,,,
,,,,,,
,,,,,,
,,,,,,
,,,,,,
,,,,,,
,,,,,,
,,,,,,
,,,,,,
,,,,,,
,,,,,,
,,,,,,
,,,,,,
,,,,,,
,,,,,,
,,,,,,
,,,,,,
,,,,,,
,,,,,,
,,,,,,
,,,,,,
,,,,,,
,,,,,,
,,,,,,
,,,,,,
,,,,,,
,,,,,,
,,,,,,
,,,,,,
,,,,,,
,,,,,,
,,,,,,
,,,,,,
,,,,,,
,,,,,,
,,,,,,
,,,,,,
,,,,,,
,,,,,,
,,,,,,
,,,,,,
,,,,,,
,,,,,,
,,,,,,
,,,,,,
,,,,,,
,,,,,,
,,,,,,
,,,,,,
,,,,,,
,,,,,,
,,,,,,
,,,,,,
,,,,,,
,,,,,,
,,,,,,
,,,,,,
,,,,,,
,,,,,,
,,,,,,
,,,,,,
,,,,,,
,,,,,,
,,,,,,
,,,,,,
,,,,,,
,,,,,,
,,,,,,
,,,,,,
,,,,,,
,,,,,,
,,,,,,
,,,,,,
,,,,,,
,,,,,,
,,,,,,
,,,,,,
,,,,,,
,,,,,,
,,,,,,
,,,,,,
,,,,,,
,,,,,,
,,,,,,
,,,,,,
,,,,,,
,,,,,,
,,,,,,
,,,,,,
,,,,,,
,,,,,,
,,,,,,
,,,,,,
,,,,,,
,,,,,,
,,,,,,
,,,,,,
,,,,,,
,,,,,,
,,,,,,
,,,,,,
,,,,,,
,,,,,,
,,,,,,
,,,,,,
,,,,,,
,,,,,,
,,,,,,
,,,,,,
,,,,,,
,,,,,,
,,,,,,
,,,,,,
,,,,,,
,,,,,,
,,,,,,
,,,,,,
,,,,,,
,,,,,,
,,,,,,
,,,,,,
,,,,,,
,,,,,,
,,,,,,
,,,,,,
,,,,,,
,,,,,,
,,,,,,
,,,,,,
,,,,,,
,,,,,,
,,,,,,
,,,,,,
,,,,,,
,,,,,,
,,,,,,
,,,,,,
,,,,,,
,,,,,,
,,,,,,
,,,,,,
,,,,,,
,,,,,,
,,,,,,
,,,,,,
,,,,,,
,,,,,,
,,,,,,
,,,,,,
,,,,,,
,,,,,,
,,,,,,
,,,,,,
,,,,,,
,,,,,,
,,,,,,
,,,,,,
,,,,,,
,,,,,,
,,,,,,
,,,,,,
,,,,,,
,,,,,,
,,,,,,
,,,,,,
,,,,,,
,,,,,,
,,,,,,
,,,,,,
,,,,,,
,,,,,,
,,,,,,
,,,,,,
,,,,,,
,,,,,,
,,,,,,
,,,,,,
,,,,,,
,,,,,,
,,,,,,
,,,,,,
,,,,,,
,,,,,,
,,,,,,
,,,,,,
,,,,,,
,,,,,,
,,,,,,
,,,,,,
,,,,,,
,,,,,,
,,,,,,
,,,,,,
,,,,,,
,,,,,,
,,,,,,
,,,,,,
,,,,,,
,,,,,,
,,,,,,
,,,,,,
,,,,,,
,,,,,,
,,,,,,
,,,,,,
,,,,,,
,,,,,,
,,,,,,
,,,,,,
,,,,,,
,,,,,,
,,,,,,
,,,,,,
,,,,,,
,,,,,,
,,,,,,
,,,,,,
,,,,,,
,,,,,,
,,,,,,
,,,,,,
,,,,,,
,,,,,,
,,,,,,
,,,,,,
,,,,,,
,,,,,,
,,,,,,
,,,,,,
,,,,,,
,,,,,,
,,,,,,
,,,,,,
,,,,,,
,,,,,,
,,,,,,
,,,,,,
,,,,,,
,,,,,,
,,,,,,
,,,,,,
,,,,,,
,,,,,,
,,,,,,
,,,,,,
,,,,,,
,,,,,,
,,,,,,
,,,,,,
,,,,,,
,,,,,,
,,,,,,
,,,,,,
,,,,,,
,,,,,,
,,,,,,
,,,,,,
,,,,,,
,,,,,,
,,,,,,
,,,,,,
,,,,,,
,,,,,,
,,,,,,
,,,,,,
,,,,,,
,,,,,,
,,,,,,
,,,,,,
,,,,,,
,,,,,,
,,,,,,
,,,,,,
,,,,,,
,,,,,,
,,,,,,
,,,,,,
,,,,,,
,,,,,,
,,,,,,
,,,,,,
,,,,,,
,,,,,,
,,,,,,
,,,,,,
,,,,,,
,,,,,,
,,,,,,
,,,,,,
,,,,,,
,,,,,,
,,,,,,
,,,,,,
,,,,,,
,,,,,,
,,,,,,
,,,,,,
,,,,,,
,,,,,,
,,,,,,
,,,,,,
,,,,,,
,,,,,,
,,,,,,
,,,,,,
,,,,,,
,,,,,,
,,,,,,
,,,,,,
,,,,,,
,,,,,,
,,,,,,
,,,,,,
,,,,,,
,,,,,,
,,,,,,
,,,,,,
,,,,,,
,,,,,,
,,,,,,
,,,,,,
,,,,,,
,,,,,,
,,,,,,
,,,,,,
,,,,,,
,,,,,,
,,,,,,
,,,,,,
,,,,,,
,,,,,,
,,,,,,
,,,,,,
,,,,,,
,,,,,,
,,,,,,
,,,,,,
,,,,,,
,,,,,,
,,,,,,
,,,,,,
,,,,,,
,,,,,,
,,,,,,
,,,,,,
,,,,,,
,,,,,,
,,,,,,
,,,,,,
,,,,,,
,,,,,,
,,,,,,
,,,,,,
,,,,,,
,,,,,,
,,,,,,
,,,,,,
,,,,,,
,,,,,,
,,,,,,
,,,,,,
,,,,,,
,,,,,,
,,,,,,
,,,,,,
,,,,,,
,,,,,,
,,,,,,
,,,,,,
,,,,,,
,,,,,,
,,,,,,
,,,,,,
,,,,,,
,,,,,,
,,,,,,
,,,,,,
,,,,,,
,,,,,,
,,,,,,
,,,,,,
,,,,,,
,,,,,,
,,,,,,
,,,,,,
,,,,,,
,,,,,,
,,,,,,
,,,,,,
,,,,,,
,,,,,,
,,,,,,
,,,,,,
,,,,,,
,,,,,,
,,,,,,
,,,,,,
,,,,,,
,,,,,,
,,,,,,
,,,,,,
,,,,,,
,,,,,,
,,,,,,
,,,,,,
,,,,,,
,,,,,,
,,,,,,
,,,,,,
,,,,,,
,,,,,,
,,,,,,
,,,,,,
,,,,,,
,,,,,,
,,,,,,
,,,,,,
,,,,,,
,,,,,,
,,,,,,
,,,,,,
,,,,,,
,,,,,,
,,,,,,
,,,,,,
,,,,,,
,,,,,,
,,,,,,
,,,,,,
,,,,,,
,,,,,,
,,,,,,
,,,,,,
,,,,,,
,,,,,,
,,,,,,
,,,,,,
,,,,,,
,,,,,,
,,,,,,
,,,,,,
,,,,,,
,,,,,,
,,,,,,
,,,,,,
,,,,,,
,,,,,,
,,,,,,
,,,,,,
,,,,,,
,,,,,,
,,,,,,
,,,,,,
,,,,,,
,,,,,,
,,,,,,
,,,,,,
,,,,,,
,,,,,,
,,,,,,
,,,,,,
,,,,,,
,,,,,,
,,,,,,
,,,,,,
,,,,,,
,,,,,,
,,,,,,
,,,,,,
,,,,,,
,,,,,,
,,,,,,
,,,,,,
,,,,,,
,,,,,,
,,,,,,
,,,,,,
,,,,,,
,,,,,,
,,,,,,
,,,,,,
,,,,,,
,,,,,,
,,,,,,
,,,,,,
,,,,,,
,,,,,,
,,,,,,
,,,,,,
,,,,,,
,,,,,,
,,,,,,
,,,,,,
,,,,,,
,,,,,,
,,,,,,
,,,,,,
,,,,,,
,,,,,,
,,,,,,
,,,,,,
,,,,,,
,,,,,,
,,,,,,
,,,,,,
,,,,,,
,,,,,,
,,,,,,
,,,,,,
,,,,,,
,,,,,,
,,,,,,
,,,,,,
,,,,,,
,,,,,,
,,,,,,
,,,,,,
,,,,,,
,,,,,,
,,,,,,
,,,,,,
,,,,,,
,,,,,,
,,,,,,
,,,,,,
,,,,,,
,,,,,,
,,,,,,
,,,,,,
,,,,,,
,,,,,,
,,,,,,
,,,,,,
,,,,,,
,,,,,,
,,,,,,
,,,,,,
,,,,,,
,,,,,,
,,,,,,
,,,,,,
,,,,,,
,,,,,,
,,,,,,
,,,,,,
,,,,,,
,,,,,,
,,,,,,
,,,,,,
,,,,,,
,,,,,,
,,,,,,
,,,,,,
,,,,,,
,,,,,,
,,,,,,
,,,,,,
,,,,,,
,,,,,,
,,,,,,
,,,,,,
,,,,,,
,,,,,,
,,,,,,
,,,,,,
,,,,,,
,,,,,,
,,,,,,
,,,,,,
,,,,,,
,,,,,,
,,,,,,
,,,,,,
,,,,,,
,,,,,,
,,,,,,
,,,,,,
,,,,,,
,,,,,,
,,,,,,
,,,,,,
,,,,,,
,,,,,,
,,,,,,
,,,,,,
,,,,,,
,,,,,,
,,,,,,
,,,,,,
,,,,,,
,,,,,,
,,,,,,
,,,,,,
,,,,,,
,,,,,,
,,,,,,
,,,,,,
,,,,,,
,,,,,,
,,,,,,
,,,,,,
,,,,,,
,,,,,,
,,,,,,
,,,,,,
,,,,,,
,,,,,,
,,,,,,
,,,,,,
,,,,,,
,,,,,,
,,,,,,
,,,,,,
,,,,,,
,,,,,,
,,,,,,
,,,,,,
,,,,,,
,,,,,,
,,,,,,
,,,,,,
,,,,,,
,,,,,,
,,,,,,
,,,,,,
,,,,,,
,,,,,,
,,,,,,
,,,,,,
,,,,,,
,,,,,,
,,,,,,
,,,,,,
,,,,,,
,,,,,,
,,,,,,
,,,,,,
,,,,,,
,,,,,,
,,,,,,
,,,,,,
,,,,,,
,,,,,,
,,,,,,
,,,,,,
,,,,,,
,,,,,,
,,,,,,
,,,,,,
,,,,,,
,,,,,,
,,,,,,
,,,,,,
,,,,,,
,,,,,,
,,,,,,
,,,,,,
,,,,,,
,,,,,,
,,,,,,
,,,,,,
,,,,,,
,,,,,,
,,,,,,
,,,,,,
,,,,,,
,,,,,,
,,,,,,
,,,,,,
,,,,,,
,,,,,,
,,,,,,
,,,,,,
,,,,,,
,,,,,,
,,,,,,
,,,,,,
,,,,,,
,,,,,,
,,,,,,
,,,,,,
,,,,,,
,,,,,,
,,,,,,
,,,,,,
,,,,,,
,,,,,,
,,,,,,
,,,,,,
,,,,,,
,,,,,,
,,,,,,
,,,,,,
,,,,,,
,,,,,,
,,,,,,
,,,,,,
,,,,,,
,,,,,,
,,,,,,
,,,,,,
,,,,,,
,,,,,,
,,,,,,
,,,,,,
,,,,,,
,,,,,,
,,,,,,
,,,,,,
,,,,,,
,,,,,,
,,,,,,
,,,,,,
,,,,,,
,,,,,,
,,,,,,
,,,,,,
,,,,,,
,,,,,,
,,,,,,
,,,,,,
,,,,,,
,,,,,,
,,,,,,
,,,,,,
,,,,,,
,,,,,,
,,,,,,
,,,,,,
,,,,,,
,,,,,,
,,,,,,
,,,,,,
,,,,,,
,,,,,,
,,,,,,
,,,,,,
,,,,,,
,,,,,,
,,,,,,
,,,,,,
,,,,,,
,,,,,,
,,,,,,
,,,,,,
,,,,,,
,,,,,,
,,,,,,
,,,,,,
,,,,,,
,,,,,,
,,,,,,
,,,,,,
,,,,,,
,,,,,,
,,,,,,
,,,,,,
,,,,,,
,,,,,,
,,,,,,
,,,,,,
,,,,,,
,,,,,,
,,,,,,
,,,,,,
,,,,,,
,,,,,,
,,,,,,
,,,,,,
,,,,,,
,,,,,,
,,,,,,
,,,,,,
,,,,,,
,,,,,,
,,,,,,
,,,,,,
,,,,,,
,,,,,,
,,,,,,
,,,,,,
,,,,,,
,,,,,,
,,,,,,
,,,,,,
,,,,,,
,,,,,,
,,,,,,
,,,,,,
,,,,,,
,,,,,,
,,,,,,
,,,,,,
,,,,,,
,,,,,,
,,,,,,
,,,,,,
,,,,,,
,,,,,,
,,,,,,
,,,,,,
,,,,,,
,,,,,,
,,,,,,
,,,,,,
,,,,,,
,,,,,,
,,,,,,
,,,,,,
,,,,,,
,,,,,,
,,,,,,
,,,,,,
,,,,,,
,,,,,,
,,,,,,
,,,,,,
,,,,,,
,,,,,,
,,,,,,
,,,,,,
,,,,,,
,,,,,,
,,,,,,
,,,,,,
,,,,,,
,,,,,,
,,,,,,
,,,,,,
,,,,,,
,,,,,,
,,,,,,
,,,,,,
,,,,,,
,,,,,,
,,,,,,
,,,,,,
,,,,,,
,,,,,,
,,,,,,
,,,,,,
,,,,,,
,,,,,,
,,,,,,
,,,,,,
,,,,,,
,,,,,,
,,,,,,
,,,,,,
,,,,,,
,,,,,,
,,,,,,
,,,,,,
,,,,,,
,,,,,,
,,,,,,
,,,,,,
,,,,,,
,,,,,,
,,,,,,
,,,,,,
,,,,,,
,,,,,,
,,,,,,
,,,,,,
,,,,,,
,,,,,,
,,,,,,
,,,,,,
,,,,,,
,,,,,,
,,,,,,
,,,,,,
,,,,,,
,,,,,,
,,,,,,
,,,,,,
,,,,,,
,,,,,,
,,,,,,
,,,,,,
,,,,,,
,,,,,,
,,,,,,
,,,,,,
,,,,,,
,,,,,,
,,,,,,
,,,,,,
,,,,,,
,,,,,,
,,,,,,
,,,,,,
,,,,,,
,,,,,,
,,,,,,
,,,,,,
,,,,,,
,,,,,,
,,,,,,
,,,,,,
,,,,,,
,,,,,,
,,,,,,
,,,,,,
,,,,,,
,,,,,,
,,,,,,
,,,,,,
,,,,,,
,,,,,,
,,,,,,
,,,,,,
,,,,,,
,,,,,,
,,,,,,
,,,,,,
,,,,,,
,,,,,,
,,,,,,
,,,,,,
,,,,,,
,,,,,,
,,,,,,
,,,,,,
,,,,,,
,,,,,,
,,,,,,
,,,,,,
,,,,,,
,,,,,,
,,,,,,
,,,,,,
,,,,,,
,,,,,,
,,,,,,
,,,,,,
,,,,,,
,,,,,,
,,,,,,
,,,,,,
,,,,,,
,,,,,,
,,,,,,
,,,,,,
,,,,,,
,,,,,,
,,,,,,
,,,,,,
,,,,,,
,,,,,,
,,,,,,
,,,,,,
,,,,,,
,,,,,,
,,,,,,
,,,,,,
,,,,,,
,,,,,,
,,,,,,
,,,,,,
,,,,,,
,,,,,,
,,,,,,
,,,,,,
,,,,,,
,,,,,,
,,,,,,
,,,,,,
,,,,,,
,,,,,,
,,,,,,
,,,,,,
,,,,,,
,,,,,,
,,,,,,
,,,,,,
,,,,,,
,,,,,,
,,,,,,
,,,,,,
,,,,,,
,,,,,,
,,,,,,
,,,,,,
,,,,,,
,,,,,,
,,,,,,
,,,,,,
,,,,,,
,,,,,,
,,,,,,
,,,,,,
,,,,,,
,,,,,,
,,,,,,
,,,,,,
,,,,,,
,,,,,,
,,,,,,
,,,,,,
,,,,,,
,,,,,,
,,,,,,
,,,,,,
,,,,,,
,,,,,,
,,,,,,
,,,,,,
,,,,,,
,,,,,,
,,,,,,
,,,,,,
,,,,,,
,,,,,,
,,,,,,
,,,,,,
,,,,,,
,,,,,,
,,,,,,
,,,,,,
,,,,,,
,,,,,,
,,,,,,
,,,,,,
,,,,,,
,,,,,,
,,,,,,
,,,,,,
,,,,,,
,,,,,,
,,,,,,
,,,,,,
,,,,,,
,,,,,,
,,,,,,
,,,,,,
,,,,,,
,,,,,,
,,,,,,
,,,,,,
,,,,,,
,,,,,,
,,,,,,
,,,,,,
,,,,,,
,,,,,,
,,,,,,
,,,,,,
,,,,,,
,,,,,,
,,,,,,
,,,,,,
,,,,,,
,,,,,,
,,,,,,
,,,,,,
,,,,,,
,,,,,,
,,,,,,
,,,,,,
,,,,,,
,,,,,,
,,,,,,
,,,,,,
,,,,,,
,,,,,,
,,,,,,
,,,,,,
,,,,,,
,,,,,,
,,,,,,
,,,,,,
,,,,,,
,,,,,,
,,,,,,
,,,,,,
,,,,,,
,,,,,,
,,,,,,
,,,,,,
,,,,,,
,,,,,,
,,,,,,
,,,,,,
,,,,,,
,,,,,,
,,,,,,
,,,,,,
,,,,,,
,,,,,,
,,,,,,
,,,,,,
,,,,,,
,,,,,,
,,,,,,
,,,,,,
,,,,,,
,,,,,,
,,,,,,
,,,,,,
,,,,,,
,,,,,,
,,,,,,
,,,,,,
,,,,,,
,,,,,,
,,,,,,
,,,,,,
,,,,,,
,,,,,,
,,,,,,
,,,,,,
,,,,,,
,,,,,,
,,,,,,
,,,,,,
,,,,,,
,,,,,,
,,,,,,
,,,,,,
,,,,,,
,,,,,,
,,,,,,
,,,,,,
,,,,,,
,,,,,,
,,,,,,
,,,,,,
,,,,,,
,,,,,,
,,,,,,
,,,,,,
,,,,,,
,,,,,,
,,,,,,
,,,,,,
,,,,,,
,,,,,,
,,,,,,
,,,,,,
,,,,,,
,,,,,,
,,,,,,
,,,,,,
,,,,,,
,,,,,,
,,,,,,
,,,,,,
,,,,,,
,,,,,,
,,,,,,
,,,,,,
,,,,,,
,,,,,,
,,,,,,
,,,,,,
,,,,,,
,,,,,,
,,,,,,
,,,,,,
,,,,,,
,,,,,,
,,,,,,
,,,,,,
,,,,,,
,,,,,,
,,,,,,
,,,,,,
,,,,,,
,,,,,,
,,,,,,
,,,,,,
,,,,,,
,,,,,,
,,,,,,
,,,,,,
,,,,,,
,,,,,,
,,,,,,
,,,,,,
,,,,,,
,,,,,,
,,,,,,
,,,,,,
,,,,,,
,,,,,,
,,,,,,
,,,,,,
,,,,,,
,,,,,,
,,,,,,
,,,,,,
,,,,,,
,,,,,,
,,,,,,
,,,,,,
,,,,,,
,,,,,,
,,,,,,
,,,,,,
,,,,,,
,,,,,,
,,,,,,
,,,,,,
,,,,,,
,,,,,,
,,,,,,
,,,,,,
,,,,,,
,,,,,,
,,,,,,
,,,,,,
,,,,,,
,,,,,,
,,,,,,
,,,,,,
,,,,,,
,,,,,,
,,,,,,
,,,,,,
,,,,,,
,,,,,,
,,,,,,
,,,,,,
,,,,,,
,,,,,,
,,,,,,
,,,,,,
,,,,,,
,,,,,,
,,,,,,
,,,,,,
,,,,,,
,,,,,,
,,,,,,
,,,,,,
,,,,,,
,,,,,,
,,,,,,
,,,,,,
,,,,,,
,,,,,,
,,,,,,
,,,,,,
,,,,,,
,,,,,,
,,,,,,
,,,,,,
,,,,,,
,,,,,,
,,,,,,
,,,,,,
,,,,,,
,,,,,,
,,,,,,
,,,,,,
,,,,,,
,,,,,,
,,,,,,
,,,,,,
,,,,,,
,,,,,,
,,,,,,
,,,,,,
,,,,,,
,,,,,,
,,,,,,
,,,,,,
,,,,,,
,,,,,,
,,,,,,
,,,,,,
,,,,,,
,,,,,,
,,,,,,
,,,,,,
,,,,,,
,,,,,,
,,,,,,
,,,,,,
,,,,,,
,,,,,,
,,,,,,
,,,,,,
,,,,,,
,,,,,,
,,,,,,
,,,,,,
,,,,,,
,,,,,,
,,,,,,
,,,,,,
,,,,,,
,,,,,,
,,,,,,
,,,,,,
,,,,,,
,,,,,,
,,,,,,
,,,,,,
,,,,,,
,,,,,,
,,,,,,
,,,,,,
,,,,,,
,,,,,,
,,,,,,
,,,,,,
,,,,,,
,,,,,,
,,,,,,
,,,,,,
,,,,,,
,,,,,,
,,,,,,
,,,,,,
,,,,,,
,,,,,,
,,,,,,
,,,,,,
,,,,,,
,,,,,,
,,,,,,
,,,,,,
,,,,,,
,,,,,,
,,,,,,
,,,,,,
,,,,,,
,,,,,,
,,,,,,
,,,,,,
,,,,,,
,,,,,,
,,,,,,
,,,,,,
,,,,,,
,,,,,,
,,,,,,
,,,,,,
,,,,,,
,,,,,,
,,,,,,
,,,,,,
,,,,,,
,,,,,,
,,,,,,
,,,,,,
,,,,,,
,,,,,,
,,,,,,
,,,,,,
,,,,,,
,,,,,,
,,,,,,
,,,,,,
,,,,,,
,,,,,,
,,,,,,
,,,,,,
,,,,,,
,,,,,,
,,,,,,
,,,,,,
,,,,,,
,,,,,,
,,,,,,
,,,,,,
,,,,,,
,,,,,,
,,,,,,
,,,,,,
,,,,,,
,,,,,,
,,,,,,
,,,,,,
,,,,,,
,,,,,,
,,,,,,
,,,,,,
,,,,,,
,,,,,,
,,,,,,
,,,,,,
,,,,,,
,,,,,,
,,,,,,
,,,,,,
,,,,,,
,,,,,,
,,,,,,
,,,,,,
,,,,,,
,,,,,,
,,,,,,
,,,,,,
,,,,,,
,,,,,,
,,,,,,
,,,,,,
,,,,,,
,,,,,,
,,,,,,
,,,,,,
,,,,,,
,,,,,,
,,,,,,
,,,,,,
,,,,,,
,,,,,,
,,,,,,
,,,,,,
,,,,,,
,,,,,,
,,,,,,
,,,,,,
,,,,,,
,,,,,,
,,,,,,
,,,,,,
,,,,,,
,,,,,,
,,,,,,
,,,,,,
,,,,,,
,,,,,,
,,,,,,
,,,,,,
,,,,,,
,,,,,,
,,,,,,
,,,,,,
,,,,,,
,,,,,,
,,,,,,
,,,,,,
,,,,,,
,,,,,,
,,,,,,
,,,,,,
,,,,,,
,,,,,,
,,,,,,
,,,,,,
,,,,,,
,,,,,,
,,,,,,
,,,,,,
,,,,,,
,,,,,,
,,,,,,
,,,,,,
,,,,,,
,,,,,,
,,,,,,
,,,,,,
,,,,,,
,,,,,,
,,,,,,
,,,,,,
,,,,,,
,,,,,,
,,,,,,
,,,,,,
,,,,,,
,,,,,,
,,,,,,
,,,,,,
,,,,,,
,,,,,,
,,,,,,
,,,,,,
,,,,,,
,,,,,,
,,,,,,
,,,,,,
,,,,,,
,,,,,,
,,,,,,
,,,,,,
,,,,,,
,,,,,,
,,,,,,
,,,,,,
,,,,,,
,,,,,,
,,,,,,
,,,,,,
,,,,,,
,,,,,,
,,,,,,
,,,,,,
,,,,,,
,,,,,,
,,,,,,
,,,,,,
,,,,,,
,,,,,,
,,,,,,
,,,,,,
,,,,,,
,,,,,,
,,,,,,
,,,,,,
,,,,,,
,,,,,,
,,,,,,
,,,,,,
,,,,,,
,,,,,,
,,,,,,
,,,,,,
,,,,,,
,,,,,,
,,,,,,
,,,,,,
,,,,,,
,,,,,,
,,,,,,
,,,,,,
,,,,,,
,,,,,,
,,,,,,
,,,,,,
,,,,,,
,,,,,,
,,,,,,
,,,,,,
,,,,,,
,,,,,,
,,,,,,
,,,,,,
,,,,,,
,,,,,,
,,,,,,
,,,,,,
,,,,,,
,,,,,,
,,,,,,
,,,,,,
,,,,,,
,,,,,,
,,,,,,
,,,,,,
,,,,,,
,,,,,,
,,,,,,
,,,,,,
,,,,,,
,,,,,,
,,,,,,
,,,,,,
,,,,,,
,,,,,,
,,,,,,
,,,,,,
,,,,,,
,,,,,,
,,,,,,
,,,,,,
,,,,,,
,,,,,,
,,,,,,
,,,,,,
,,,,,,
,,,,,,
,,,,,,
,,,,,,
,,,,,,
,,,,,,
,,,,,,
,,,,,,
,,,,,,
,,,,,,
,,,,,,
,,,,,,
,,,,,,
,,,,,,
,,,,,,
,,,,,,
,,,,,,
,,,,,,
,,,,,,
,,,,,,
,,,,,,
,,,,,,
,,,,,,
,,,,,,
,,,,,,
,,,,,,
,,,,,,
,,,,,,
,,,,,,
,,,,,,
,,,,,,
,,,,,,
,,,,,,
,,,,,,
,,,,,,
,,,,,,
,,,,,,
,,,,,,
,,,,,,
,,,,,,
,,,,,,
,,,,,,
,,,,,,
,,,,,,
,,,,,,
,,,,,,
,,,,,,
,,,,,,
,,,,,,
,,,,,,
,,,,,,
,,,,,,
,,,,,,
,,,,,,
,,,,,,
,,,,,,
,,,,,,
,,,,,,
,,,,,,
,,,,,,
,,,,,,
,,,,,,
,,,,,,
,,,,,,
,,,,,,
,,,,,,
,,,,,,
,,,,,,
,,,,,,
,,,,,,
,,,,,,
,,,,,,
,,,,,,
,,,,,,
,,,,,,
,,,,,,
,,,,,,
,,,,,,
,,,,,,
,,,,,,
,,,,,,
,,,,,,
,,,,,,
,,,,,,
,,,,,,
,,,,,,
,,,,,,
,,,,,,
,,,,,,
,,,,,,
,,,,,,
,,,,,,
,,,,,,
,,,,,,
,,,,,,
,,,,,,
,,,,,,
,,,,,,
,,,,,,
,,,,,,
,,,,,,
,,,,,,
,,,,,,
,,,,,,
,,,,,,
,,,,,,
,,,,,,
,,,,,,
,,,,,,
,,,,,,
,,,,,,
,,,,,,
,,,,,,
,,,,,,
,,,,,,
,,,,,,
,,,,,,
,,,,,,
,,,,,,
,,,,,,
,,,,,,
,,,,,,
,,,,,,
,,,,,,
,,,,,,
,,,,,,
,,,,,,
,,,,,,
,,,,,,
,,,,,,
,,,,,,
,,,,,,
,,,,,,
,,,,,,
,,,,,,
,,,,,,
,,,,,,
,,,,,,
,,,,,,
,,,,,,
,,,,,,
,,,,,,
,,,,,,
,,,,,,
,,,,,,
,,,,,,
,,,,,,
,,,,,,
,,,,,,
,,,,,,
,,,,,,
,,,,,,
,,,,,,
,,,,,,
,,,,,,
,,,,,,
,,,,,,
,,,,,,
,,,,,,
,,,,,,
,,,,,,
,,,,,,
,,,,,,
,,,,,,
,,,,,,
,,,,,,
,,,,,,
,,,,,,
,,,,,,
,,,,,,
,,,,,,
,,,,,,
,,,,,,
,,,,,,
,,,,,,
,,,,,,
,,,,,,
,,,,,,
,,,,,,
,,,,,,
,,,,,,
,,,,,,
,,,,,,
,,,,,,
,,,,,,
,,,,,,
,,,,,,
,,,,,,
,,,,,,
,,,,,,
,,,,,,
,,,,,,
,,,,,,
,,,,,,
,,,,,,
,,,,,,
,,,,,,
,,,,,,
,,,,,,
,,,,,,
,,,,,,
,,,,,,
,,,,,,
,,,,,,
,,,,,,
,,,,,,
,,,,,,
,,,,,,
,,,,,,
,,,,,,
,,,,,,
,,,,,,
,,,,,,
,,,,,,
,,,,,,
,,,,,,
,,,,,,
,,,,,,
,,,,,,
,,,,,,
,,,,,,
,,,,,,
,,,,,,
,,,,,,
,,,,,,
,,,,,,
,,,,,,
,,,,,,
,,,,,,
,,,,,,
,,,,,,
,,,,,,
,,,,,,
,,,,,,
,,,,,,
,,,,,,
,,,,,,
,,,,,,
,,,,,,
,,,,,,
,,,,,,
,,,,,,
,,,,,,
,,,,,,
,,,,,,
,,,,,,
,,,,,,
,,,,,,
,,,,,,
,,,,,,
,,,,,,
,,,,,,
,,,,,,
,,,,,,
,,,,,,
,,,,,,
,,,,,,
,,,,,,
,,,,,,
,,,,,,
,,,,,,
,,,,,,
,,,,,,
,,,,,,
,,,,,,
,,,,,,
,,,,,,
,,,,,,
,,,,,,
,,,,,,
,,,,,,
,,,,,,
,,,,,,
,,,,,,
,,,,,,
,,,,,,
,,,,,,
,,,,,,
,,,,,,
,,,,,,
,,,,,,
,,,,,,
,,,,,,
,,,,,,
,,,,,,
,,,,,,
,,,,,,
,,,,,,
,,,,,,
,,,,,,
,,,,,,
,,,,,,
,,,,,,
,,,,,,
,,,,,,
,,,,,,
,,,,,,
,,,,,,
,,,,,,
,,,,,,
,,,,,,
,,,,,,
,,,,,,
,,,,,,
,,,,,,
,,,,,,
,,,,,,
,,,,,,
,,,,,,
,,,,,,
,,,,,,
,,,,,,
,,,,,,
,,,,,,
,,,,,,
,,,,,,
,,,,,,
,,,,,,
,,,,,,
,,,,,,
,,,,,,
,,,,,,
,,,,,,
,,,,,,
,,,,,,
,,,,,,
,,,,,,
,,,,,,
,,,,,,
,,,,,,
,,,,,,
,,,,,,
,,,,,,
,,,,,,
,,,,,,
,,,,,,
,,,,,,
,,,,,,
,,,,,,
,,,,,,
,,,,,,
,,,,,,
,,,,,,
,,,,,,
,,,,,,
,,,,,,
,,,,,,
,,,,,,
,,,,,,
,,,,,,
,,,,,,
,,,,,,
,,,,,,
,,,,,,
,,,,,,
,,,,,,
,,,,,,
,,,,,,
,,,,,,
,,,,,,
,,,,,,
,,,,,,
,,,,,,
,,,,,,
,,,,,,
,,,,,,
,,,,,,
,,,,,,
,,,,,,
,,,,,,
,,,,,,
,,,,,,
,,,,,,
,,,,,,
,,,,,,
,,,,,,
,,,,,,
,,,,,,
,,,,,,
,,,,,,
,,,,,,
,,,,,,
,,,,,,
,,,,,,
,,,,,,
,,,,,,
,,,,,,
,,,,,,
,,,,,,
,,,,,,
,,,,,,
,,,,,,
,,,,,,
,,,,,,
,,,,,,
,,,,,,
,,,,,,
,,,,,,
,,,,,,
,,,,,,
,,,,,,
,,,,,,
,,,,,,
,,,,,,
,,,,,,
,,,,,,
,,,,,,
,,,,,,
,,,,,,
,,,,,,
,,,,,,
,,,,,,
,,,,,,
,,,,,,
,,,,,,
,,,,,,
,,,,,,
,,,,,,
,,,,,,
,,,,,,
,,,,,,
,,,,,,
,,,,,,
,,,,,,
,,,,,,
,,,,,,
,,,,,,
,,,,,,
,,,,,,
,,,,,,
,,,,,,
,,,,,,
,,,,,,
,,,,,,
,,,,,,
,,,,,,
,,,,,,
,,,,,,
,,,,,,
,,,,,,
,,,,,,
,,,,,,
,,,,,,
,,,,,,
,,,,,,
,,,,,,
,,,,,,
,,,,,,
,,,,,,
,,,,,,
,,,,,,
,,,,,,
,,,,,,
,,,,,,
,,,,,,
,,,,,,
,,,,,,
,,,,,,
,,,,,,
,,,,,,
,,,,,,
,,,,,,
,,,,,,
,,,,,,
,,,,,,
,,,,,,
,,,,,,
,,,,,,
,,,,,,
,,,,,,
,,,,,,
,,,,,,
,,,,,,
,,,,,,
,,,,,,
,,,,,,
,,,,,,
,,,,,,
,,,,,,
,,,,,,
,,,,,,
,,,,,,
,,,,,,
,,,,,,
,,,,,,
,,,,,,
,,,,,,
,,,,,,
,,,,,,
,,,,,,
,,,,,,
,,,,,,
,,,,,,
,,,,,,
,,,,,,
,,,,,,
,,,,,,
,,,,,,
,,,,,,
,,,,,,
,,,,,,
,,,,,,
,,,,,,
,,,,,,
,,,,,,
,,,,,,
,,,,,,
,,,,,,
,,,,,,
,,,,,,
,,,,,,
,,,,,,
,,,,,,
,,,,,,
,,,,,,
,,,,,,
,,,,,,
,,,,,,
,,,,,,
,,,,,,
,,,,,,
,,,,,,
,,,,,,
,,,,,,
,,,,,,
,,,,,,
,,,,,,
,,,,,,
,,,,,,
,,,,,,
,,,,,,
,,,,,,
,,,,,,
,,,,,,
,,,,,,
,,,,,,
,,,,,,
,,,,,,
,,,,,,
,,,,,,
,,,,,,
,,,,,,
,,,,,,
,,,,,,
,,,,,,
,,,,,,
,,,,,,
,,,,,,
,,,,,,
,,,,,,
,,,,,,
,,,,,,
,,,,,,
,,,,,,
,,,,,,
,,,,,,
,,,,,,
,,,,,,
,,,,,,
,,,,,,
,,,,,,
,,,,,,
,,,,,,
,,,,,,
,,,,,,
,,,,,,
,,,,,,
,,,,,,
,,,,,,
,,,,,,
,,,,,,
,,,,,,
,,,,,,
,,,,,,
,,,,,,
,,,,,,
,,,,,,
,,,,,,
,,,,,,
,,,,,,
,,,,,,
,,,,,,
,,,,,,
,,,,,,
,,,,,,
,,,,,,
,,,,,,
,,,,,,
,,,,,,
,,,,,,
,,,,,,
,,,,,,
,,,,,,
,,,,,,
,,,,,,
,,,,,,
,,,,,,
,,,,,,
,,,,,,
,,,,,,
,,,,,,
,,,,,,
,,,,,,
,,,,,,
,,,,,,
,,,,,,
,,,,,,
,,,,,,
,,,,,,
,,,,,,
,,,,,,
,,,,,,
,,,,,,
,,,,,,
,,,,,,
,,,,,,
,,,,,,
,,,,,,
,,,,,,
,,,,,,
,,,,,,
,,,,,,
,,,,,,
,,,,,,
,,,,,,
,,,,,,
,,,,,,
,,,,,,
,,,,,,
,,,,,,
,,,,,,
,,,,,,
,,,,,,
,,,,,,
,,,,,,
,,,,,,
,,,,,,
,,,,,,
,,,,,,
,,,,,,
,,,,,,
,,,,,,
,,,,,,
,,,,,,
,,,,,,
,,,,,,
,,,,,,
,,,,,,
,,,,,,
,,,,,,
,,,,,,
,,,,,,
,,,,,,
,,,,,,
,,,,,,
,,,,,,
,,,,,,
,,,,,,
,,,,,,
,,,,,,
,,,,,,
,,,,,,
,,,,,,
,,,,,,
,,,,,,
,,,,,,
,,,,,,
,,,,,,
,,,,,,
,,,,,,
,,,,,,
,,,,,,
,,,,,,
,,,,,,
,,,,,,
,,,,,,
,,,,,,
,,,,,,
,,,,,,
,,,,,,
,,,,,,
,,,,,,
,,,,,,
,,,,,,
,,,,,,
,,,,,,
,,,,,,
,,,,,,
,,,,,,
,,,,,,
,,,,,,
,,,,,,
,,,,,,
,,,,,,
,,,,,,
,,,,,,
,,,,,,
,,,,,,
,,,,,,
,,,,,,
,,,,,,
,,,,,,
,,,,,,
,,,,,,
,,,,,,
,,,,,,
,,,,,,
,,,,,,
,,,,,,
,,,,,,
,,,,,,
,,,,,,
,,,,,,
,,,,,,
,,,,,,
,,,,,,
,,,,,,
,,,,,,
,,,,,,
,,,,,,
,,,,,,
,,,,,,
,,,,,,
,,,,,,
,,,,,,
,,,,,,
,,,,,,
,,,,,,
,,,,,,
,,,,,,
,,,,,,
,,,,,,
,,,,,,
,,,,,,
,,,,,,
,,,,,,
,,,,,,
,,,,,,
,,,,,,
,,,,,,
,,,,,,
,,,,,,
,,,,,,
,,,,,,
,,,,,,
,,,,,,
,,,,,,
,,,,,,
,,,,,,
,,,,,,
,,,,,,
,,,,,,
,,,,,,
,,,,,,
,,,,,,
,,,,,,
,,,,,,
,,,,,,
,,,,,,
,,,,,,
,,,,,,
,,,,,,
,,,,,,
,,,,,,
,,,,,,
,,,,,,
,,,,,,
,,,,,,
,,,,,,
,,,,,,
,,,,,,
,,,,,,
,,,,,,
,,,,,,
,,,,,,
,,,,,,
,,,,,,
,,,,,,
,,,,,,
,,,,,,
,,,,,,
,,,,,,
,,,,,,
,,,,,,
,,,,,,
,,,,,,
,,,,,,
,,,,,,
,,,,,,
,,,,,,
,,,,,,
,,,,,,
,,,,,,
,,,,,,
,,,,,,
,,,,,,
,,,,,,
,,,,,,
,,,,,,
,,,,,,
,,,,,,
,,,,,,
,,,,,,
,,,,,,
,,,,,,
,,,,,,
,,,,,,
,,,,,,
,,,,,,
,,,,,,
,,,,,,
,,,,,,
,,,,,,
,,,,,,
,,,,,,
,,,,,,
,,,,,,
,,,,,,
,,,,,,
,,,,,,
,,,,,,
,,,,,,
,,,,,,
,,,,,,
,,,,,,
,,,,,,
,,,,,,
,,,,,,
,,,,,,
,,,,,,
,,,,,,
,,,,,,
,,,,,,
,,,,,,
,,,,,,
,,,,,,
,,,,,,
,,,,,,
,,,,,,
,,,,,,
,,,,,,
,,,,,,
,,,,,,
,,,,,,
,,,,,,
,,,,,,
,,,,,,
,,,,,,
,,,,,,
,,,,,,
,,,,,,
,,,,,,
,,,,,,
,,,,,,
,,,,,,
,,,,,,
,,,,,,
,,,,,,
,,,,,,
,,,,,,
,,,,,,
,,,,,,
,,,,,,
,,,,,,
,,,,,,
,,,,,,
,,,,,,
,,,,,,
,,,,,,
,,,,,,
,,,,,,
,,,,,,
,,,,,,
,,,,,,
,,,,,,
,,,,,,
,,,,,,
,,,,,,
,,,,,,
,,,,,,
,,,,,,
,,,,,,
,,,,,,
,,,,,,
,,,,,,
,,,,,,
,,,,,,
,,,,,,
,,,,,,
,,,,,,
,,,,,,
,,,,,,
,,,,,,
,,,,,,
,,,,,,
,,,,,,
,,,,,,
,,,,,,
,,,,,,
,,,,,,
,,,,,,
,,,,,,
,,,,,,
,,,,,,
,,,,,,
,,,,,,
,,,,,,
,,,,,,
,,,,,,
,,,,,,
,,,,,,
,,,,,,
,,,,,,
,,,,,,
,,,,,,
,,,,,,
,,,,,,
,,,,,,
,,,,,,
,,,,,,
,,,,,,
,,,,,,
,,,,,,
,,,,,,
,,,,,,
,,,,,,
,,,,,,
,,,,,,
,,,,,,
,,,,,,
,,,,,,
,,,,,,
,,,,,,
,,,,,,
,,,,,,
,,,,,,
,,,,,,
,,,,,,
,,,,,,
,,,,,,
,,,,,,
,,,,,,
,,,,,,
,,,,,,
,,,,,,
,,,,,,
,,,,,,
,,,,,,
,,,,,,
,,,,,,
,,,,,,
,,,,,,
,,,,,,
,,,,,,
,,,,,,
,,,,,,
,,,,,,
,,,,,,
,,,,,,
,,,,,,
,,,,,,
,,,,,,
,,,,,,
,,,,,,
,,,,,,
,,,,,,
,,,,,,
,,,,,,
,,,,,,
,,,,,,
,,,,,,
,,,,,,
,,,,,,
,,,,,,
,,,,,,
,,,,,,
,,,,,,
,,,,,,
,,,,,,
,,,,,,
,,,,,,
,,,,,,
,,,,,,
,,,,,,
,,,,,,
,,,,,,
,,,,,,
,,,,,,
,,,,,,
,,,,,,
,,,,,,
,,,,,,
,,,,,,
,,,,,,
,,,,,,
,,,,,,
,,,,,,
,,,,,,
,,,,,,
,,,,,,
,,,,,,
,,,,,,
,,,,,,
,,,,,,
,,,,,,
,,,,,,
,,,,,,
,,,,,,
,,,,,,
,,,,,,
,,,,,,
,,,,,,
,,,,,,
,,,,,,
,,,,,,
,,,,,,
,,,,,,
,,,,,,
,,,,,,
,,,,,,
,,,,,,
,,,,,,
,,,,,,
,,,,,,
,,,,,,
,,,,,,
,,,,,,
,,,,,,
,,,,,,
,,,,,,
,,,,,,
,,,,,,
,,,,,,
,,,,,,
,,,,,,
,,,,,,
,,,,,,
,,,,,,
,,,,,,
,,,,,,
,,,,,,
,,,,,,
,,,,,,
,,,,,,
,,,,,,
,,,,,,
,,,,,,
,,,,,,
,,,,,,
,,,,,,
,,,,,,
,,,,,,
,,,,,,
,,,,,,
,,,,,,
,,,,,,
,,,,,,
,,,,,,
,,,,,,
,,,,,,
,,,,,,
,,,,,,
,,,,,,
,,,,,,
,,,,,,
,,,,,,
,,,,,,
,,,,,,
,,,,,,
,,,,,,
,,,,,,
,,,,,,
,,,,,,
,,,,,,
,,,,,,
,,,,,,
,,,,,,
,,,,,,
,,,,,,
,,,,,,
,,,,,,
,,,,,,
,,,,,,
,,,,,,
,,,,,,
,,,,,,
,,,,,,
,,,,,,
,,,,,,
,,,,,,
,,,,,,
,,,,,,
,,,,,,
,,,,,,
,,,,,,
,,,,,,
,,,,,,
,,,,,,
,,,,,,
,,,,,,
,,,,,,
,,,,,,
,,,,,,
,,,,,,
,,,,,,
,,,,,,
,,,,,,
,,,,,,
,,,,,,
,,,,,,
,,,,,,
,,,,,,
,,,,,,
,,,,,,
,,,,,,
,,,,,,
,,,,,,
,,,,,,
,,,,,,
,,,,,,
,,,,,,
,,,,,,
,,,,,,
,,,,,,
,,,,,,
,,,,,,
,,,,,,
,,,,,,
,,,,,,
,,,,,,
,,,,,,
,,,,,,
,,,,,,
,,,,,,
,,,,,,
,,,,,,
,,,,,,
,,,,,,
,,,,,,
,,,,,,
,,,,,,
,,,,,,
,,,,,,
,,,,,,
,,,,,,
,,,,,,
,,,,,,
,,,,,,
,,,,,,
,,,,,,
,,,,,,
,,,,,,
,,,,,,
,,,,,,
,,,,,,
,,,,,,
,,,,,,
,,,,,,
,,,,,,
,,,,,,
,,,,,,
,,,,,,
,,,,,,
,,,,,,
,,,,,,
,,,,,,
,,,,,,
,,,,,,
,,,,,,
,,,,,,
,,,,,,
,,,,,,
,,,,,,
,,,,,,
,,,,,,
,,,,,,
,,,,,,
,,,,,,
,,,,,,
,,,,,,
,,,,,,
,,,,,,
,,,,,,
,,,,,,
,,,,,,
,,,,,,
,,,,,,
,,,,,,
,,,,,,
,,,,,,
,,,,,,
,,,,,,
,,,,,,
,,,,,,
,,,,,,
,,,,,,
,,,,,,
,,,,,,
,,,,,,
,,,,,,
,,,,,,
,,,,,,
,,,,,,
,,,,,,
,,,,,,
,,,,,,
,,,,,,
,,,,,,
,,,,,,
,,,,,,
,,,,,,
,,,,,,
,,,,,,
,,,,,,
,,,,,,
,,,,,,
,,,,,,
,,,,,,
,,,,,,
,,,,,,
,,,,,,
,,,,,,
,,,,,,
,,,,,,
,,,,,,
,,,,,,
,,,,,,
,,,,,,
,,,,,,
,,,,,,
,,,,,,
,,,,,,
,,,,,,
,,,,,,
,,,,,,
,,,,,,
,,,,,,
,,,,,,
,,,,,,
,,,,,,
,,,,,,
,,,,,,
,,,,,,
,,,,,,
,,,,,,
,,,,,,
,,,,,,
,,,,,,
,,,,,,
,,,,,,
,,,,,,
,,,,,,
,,,,,,
,,,,,,
,,,,,,
,,,,,,
,,,,,,
,,,,,,
,,,,,,
,,,,,,
,,,,,,
,,,,,,
,,,,,,
,,,,,,
,,,,,,
,,,,,,
,,,,,,
,,,,,,
,,,,,,
,,,,,,
,,,,,,
,,,,,,
,,,,,,
,,,,,,
,,,,,,
,,,,,,
,,,,,,
,,,,,,
,,,,,,
,,,,,,
,,,,,,
,,,,,,
,,,,,,
,,,,,,
,,,,,,
,,,,,,
,,,,,,
,,,,,,
,,,,,,
,,,,,,
,,,,,,
,,,,,,
,,,,,,
,,,,,,
,,,,,,
,,,,,,
,,,,,,
,,,,,,
,,,,,,
,,,,,,
,,,,,,
,,,,,,
,,,,,,
,,,,,,
,,,,,,
,,,,,,
,,,,,,
,,,,,,
,,,,,,
,,,,,,
,,,,,,
,,,,,,
,,,,,,
,,,,,,
,,,,,,
,,,,,,
,,,,,,
,,,,,,
,,,,,,
,,,,,,
,,,,,,
,,,,,,
,,,,,,
,,,,,,
,,,,,,
,,,,,,
,,,,,,
,,,,,,
,,,,,,
,,,,,,
,,,,,,
,,,,,,
,,,,,,
,,,,,,
,,,,,,
,,,,,,
,,,,,,
,,,,,,
,,,,,,
,,,,,,
,,,,,,
,,,,,,
,,,,,,
,,,,,,
,,,,,,
,,,,,,
,,,,,,
,,,,,,
,,,,,,
,,,,,,
,,,,,,
,,,,,,
,,,,,,
,,,,,,
,,,,,,
,,,,,,
,,,,,,
,,,,,,
,,,,,,
,,,,,,
,,,,,,
,,,,,,
,,,,,,
,,,,,,
,,,,,,
,,,,,,
,,,,,,
,,,,,,
,,,,,,
,,,,,,
,,,,,,
,,,,,,
,,,,,,
,,,,,,
,,,,,,
,,,,,,
,,,,,,
,,,,,,
,,,,,,
,,,,,,
,,,,,,
,,,,,,
,,,,,,
,,,,,,
,,,,,,
,,,,,,
,,,,,,
,,,,,,
,,,,,,
,,,,,,
,,,,,,
,,,,,,
,,,,,,
,,,,,,
,,,,,,
,,,,,,
,,,,,,
,,,,,,
,,,,,,
,,,,,,
,,,,,,
,,,,,,
,,,,,,
,,,,,,
,,,,,,
,,,,,,
,,,,,,
,,,,,,
,,,,,,
,,,,,,
,,,,,,
,,,,,,
,,,,,,
,,,,,,
,,,,,,
,,,,,,
,,,,,,
,,,,,,
,,,,,,
,,,,,,
,,,,,,
,,,,,,
,,,,,,
,,,,,,
,,,,,,
,,,,,,
,,,,,,
,,,,,,
,,,,,,
,,,,,,
,,,,,,
,,,,,,
,,,,,,
,,,,,,
,,,,,,
,,,,,,
,,,,,,
,,,,,,
,,,,,,
,,,,,,
,,,,,,
,,,,,,
,,,,,,
,,,,,,
,,,,,,
,,,,,,
,,,,,,
,,,,,,
,,,,,,
,,,,,,
,,,,,,
,,,,,,
,,,,,,
,,,,,,
,,,,,,
,,,,,,
,,,,,,
,,,,,,
,,,,,,
,,,,,,
,,,,,,
,,,,,,
,,,,,,
,,,,,,
,,,,,,
,,,,,,
,,,,,,
,,,,,,
,,,,,,
,,,,,,
,,,,,,
,,,,,,
,,,,,,
,,,,,,
,,,,,,
,,,,,,
,,,,,,
,,,,,,
,,,,,,
,,,,,,
,,,,,,
,,,,,,
,,,,,,
,,,,,,
,,,,,,
,,,,,,
,,,,,,
,,,,,,
,,,,,,
,,,,,,
,,,,,,
,,,,,,
,,,,,,
,,,,,,
,,,,,,
,,,,,,
,,,,,,
,,,,,,
,,,,,,
,,,,,,
,,,,,,
,,,,,,
,,,,,,
,,,,,,
,,,,,,
,,,,,,
,,,,,,
,,,,,,
,,,,,,
,,,,,,
,,,,,,
,,,,,,
,,,,,,
,,,,,,
,,,,,,
,,,,,,
,,,,,,
,,,,,,
,,,,,,
,,,,,,
,,,,,,
,,,,,,
,,,,,,
,,,,,,
,,,,,,
,,,,,,
,,,,,,
,,,,,,
,,,,,,
,,,,,,
,,,,,,
,,,,,,
,,,,,,
,,,,,,
,,,,,,
,,,,,,
,,,,,,
,,,,,,
,,,,,,
,,,,,,
,,,,,,
,,,,,,
,,,,,,
,,,,,,
,,,,,,
,,,,,,
,,,,,,
,,,,,,
,,,,,,
,,,,,,
,,,,,,
,,,,,,
,,,,,,
,,,,,,
,,,,,,
,,,,,,
,,,,,,
,,,,,,
,,,,,,
,,,,,,
,,,,,,
,,,,,,
,,,,,,
,,,,,,
,,,,,,
,,,,,,
,,,,,,
,,,,,,
,,,,,,
,,,,,,
,,,,,,
,,,,,,
,,,,,,
,,,,,,
,,,,,,
,,,,,,
,,,,,,
,,,,,,
,,,,,,
,,,,,,
,,,,,,
,,,,,,
,,,,,,
,,,,,,
,,,,,,
,,,,,,
,,,,,,
,,,,,,
,,,,,,
,,,,,,
,,,,,,
,,,,,,
,,,,,,
,,,,,,
,,,,,,
,,,,,,
,,,,,,
,,,,,,
,,,,,,
,,,,,,
,,,,,,
,,,,,,
,,,,,,
,,,,,,
,,,,,,
,,,,,,
,,,,,,
,,,,,,
,,,,,,
,,,,,,
,,,,,,
,,,,,,
,,,,,,
,,,,,,
,,,,,,
,,,,,,
,,,,,,
,,,,,,
,,,,,,
,,,,,,
,,,,,,
,,,,,,
,,,,,,
,,,,,,
,,,,,,
,,,,,,
,,,,,,
,,,,,,
,,,,,,
,,,,,,
,,,,,,
,,,,,,
,,,,,,
,,,,,,
,,,,,,
,,,,,,
,,,,,,
,,,,,,
,,,,,,
,,,,,,
,,,,,,
,,,,,,
,,,,,,
,,,,,,
,,,,,,
,,,,,,
,,,,,,
,,,,,,
,,,,,,
,,,,,,
,,,,,,
,,,,,,
,,,,,,
,,,,,,
,,,,,,
,,,,,,
,,,,,,
,,,,,,
,,,,,,
,,,,,,
,,,,,,
,,,,,,
,,,,,,
,,,,,,
,,,,,,
,,,,,,
,,,,,,
,,,,,,
,,,,,,
,,,,,,
,,,,,,
,,,,,,
,,,,,,
,,,,,,
,,,,,,
,,,,,,
,,,,,,
,,,,,,
,,,,,,
,,,,,,
,,,,,,
,,,,,,
,,,,,,
,,,,,,
,,,,,,
,,,,,,
,,,,,,
,,,,,,
,,,,,,
,,,,,,
,,,,,,
,,,,,,
,,,,,,
,,,,,,
,,,,,,
,,,,,,
,,,,,,
,,,,,,
,,,,,,
,,,,,,
,,,,,,
,,,,,,
,,,,,,
,,,,,,
,,,,,,
,,,,,,
,,,,,,
,,,,,,
,,,,,,
,,,,,,
,,,,,,
,,,,,,
,,,,,,
,,,,,,
,,,,,,
,,,,,,
,,,,,,
,,,,,,
,,,,,,
,,,,,,
,,,,,,
,,,,,,
,,,,,,
,,,,,,
,,,,,,
,,,,,,
,,,,,,
,,,,,,
,,,,,,
,,,,,,
,,,,,,
,,,,,,
,,,,,,
,,,,,,
,,,,,,
,,,,,,
,,,,,,
,,,,,,
,,,,,,
,,,,,,
,,,,,,
,,,,,,
,,,,,,
,,,,,,
,,,,,,
,,,,,,
,,,,,,
,,,,,,
,,,,,,
,,,,,,
,,,,,,
,,,,,,
,,,,,,
,,,,,,
,,,,,,
,,,,,,
,,,,,,
,,,,,,
,,,,,,
,,,,,,
,,,,,,
,,,,,,
,,,,,,
,,,,,,
,,,,,,
,,,,,,
,,,,,,
,,,,,,
,,,,,,
,,,,,,
,,,,,,
,,,,,,
,,,,,,
,,,,,,
,,,,,,
,,,,,,
,,,,,,
,,,,,,
,,,,,,
,,,,,,
,,,,,,
,,,,,,
,,,,,,
,,,,,,
,,,,,,
,,,,,,
,,,,,,
,,,,,,
,,,,,,
,,,,,,
,,,,,,
,,,,,,
,,,,,,
,,,,,,
,,,,,,
,,,,,,
,,,,,,
,,,,,,
,,,,,,
,,,,,,
,,,,,,
,,,,,,
,,,,,,
,,,,,,
,,,,,,
,,,,,,
,,,,,,
,,,,,,
,,,,,,
,,,,,,
,,,,,,
,,,,,,
,,,,,,
,,,,,,
,,,,,,
,,,,,,
,,,,,,
,,,,,,
,,,,,,
,,,,,,
,,,,,,
,,,,,,
,,,,,,
,,,,,,
,,,,,,
,,,,,,
,,,,,,
,,,,,,
,,,,,,
,,,,,,
,,,,,,
,,,,,,
,,,,,,
,,,,,,
,,,,,,
,,,,,,
,,,,,,
,,,,,,
,,,,,,
,,,,,,
,,,,,,
,,,,,,
,,,,,,
,,,,,,
,,,,,,
,,,,,,
,,,,,,
,,,,,,
,,,,,,
,,,,,,
,,,,,,
,,,,,,
,,,,,,
,,,,,,
,,,,,,
,,,,,,
,,,,,,
,,,,,,
,,,,,,
,,,,,,
,,,,,,
,,,,,,
,,,,,,
,,,,,,
,,,,,,
,,,,,,
,,,,,,
,,,,,,
,,,,,,
,,,,,,
,,,,,,
,,,,,,
,,,,,,
,,,,,,
,,,,,,
,,,,,,
,,,,,,
,,,,,,
,,,,,,
,,,,,,
,,,,,,
,,,,,,
,,,,,,
,,,,,,
,,,,,,
,,,,,,
,,,,,,
,,,,,,
,,,,,,
,,,,,,
,,,,,,
,,,,,,
,,,,,,
,,,,,,
,,,,,,
,,,,,,
,,,,,,
,,,,,,
,,,,,,
,,,,,,
,,,,,,
,,,,,,
,,,,,,
,,,,,,
,,,,,,
,,,,,,
,,,,,,
,,,,,,
,,,,,,
,,,,,,
,,,,,,
,,,,,,
,,,,,,
,,,,,,
,,,,,,
,,,,,,
,,,,,,
,,,,,,
,,,,,,
,,,,,,
,,,,,,
,,,,,,
,,,,,,
,,,,,,
,,,,,,
,,,,,,
,,,,,,
,,,,,,
,,,,,,
,,,,,,
,,,,,,
,,,,,,
,,,,,,
,,,,,,
,,,,,,
,,,,,,
,,,,,,
,,,,,,
,,,,,,
,,,,,,
,,,,,,
,,,,,,
,,,,,,
,,,,,,
,,,,,,
,,,,,,
,,,,,,
,,,,,,
,,,,,,
,,,,,,
,,,,,,
,,,,,,
,,,,,,
,,,,,,
,,,,,,
,,,,,,
,,,,,,
,,,,,,
,,,,,,
,,,,,,
,,,,,,
,,,,,,
,,,,,,
,,,,,,
,,,,,,
,,,,,,
,,,,,,
,,,,,,
,,,,,,
,,,,,,
,,,,,,
,,,,,,
,,,,,,
,,,,,,
,,,,,,
,,,,,,
,,,,,,
,,,,,,
,,,,,,
,,,,,,
,,,,,,
,,,,,,
,,,,,,
,,,,,,
,,,,,,
,,,,,,
,,,,,,
,,,,,,
,,,,,,
,,,,,,
,,,,,,
,,,,,,
,,,,,,
,,,,,,
,,,,,,
,,,,,,
,,,,,,
,,,,,,
,,,,,,
,,,,,,
,,,,,,
,,,,,,
,,,,,,
,,,,,,
,,,,,,
,,,,,,
,,,,,,
,,,,,,
,,,,,,
,,,,,,
,,,,,,
,,,,,,
,,,,,,
,,,,,,
,,,,,,
,,,,,,
,,,,,,
,,,,,,
,,,,,,
,,,,,,
,,,,,,
,,,,,,
,,,,,,
,,,,,,
,,,,,,
,,,,,,
,,,,,,
,,,,,,
,,,,,,
,,,,,,
,,,,,,
,,,,,,
,,,,,,
,,,,,,
,,,,,,
,,,,,,
,,,,,,
,,,,,,
,,,,,,
,,,,,,
,,,,,,
,,,,,,
,,,,,,
,,,,,,
,,,,,,
,,,,,,
,,,,,,
,,,,,,
,,,,,,
,,,,,,
,,,,,,
,,,,,,
,,,,,,
,,,,,,
,,,,,,
,,,,,,
,,,,,,
,,,,,,
,,,,,,
,,,,,,
,,,,,,
,,,,,,
,,,,,,
,,,,,,
,,,,,,
,,,,,,
,,,,,,
,,,,,,
,,,,,,
,,,,,,
,,,,,,
,,,,,,
,,,,,,
,,,,,,
,,,,,,
,,,,,,
,,,,,,
,,,,,,
,,,,,,
,,,,,,
,,,,,,
,,,,,,
,,,,,,
,,,,,,
,,,,,,
,,,,,,
,,,,,,
,,,,,,
,,,,,,
,,,,,,
,,,,,,
,,,,,,
,,,,,,
,,,,,,
,,,,,,
,,,,,,
,,,,,,
,,,,,,
,,,,,,
,,,,,,
,,,,,,
,,,,,,
,,,,,,
,,,,,,
,,,,,,
,,,,,,
,,,,,,
,,,,,,
,,,,,,
,,,,,,
,,,,,,
,,,,,,
,,,,,,
,,,,,,
,,,,,,
,,,,,,
,,,,,,
,,,,,,
,,,,,,
,,,,,,
,,,,,,
,,,,,,
,,,,,,
,,,,,,
,,,,,,
,,,,,,
,,,,,,
,,,,,,
,,,,,,
,,,,,,
,,,,,,
,,,,,,
,,,,,,
,,,,,,
,,,,,,
,,,,,,
,,,,,,
,,,,,,
,,,,,,
,,,,,,
,,,,,,
,,,,,,
,,,,,,
,,,,,,
,,,,,,
,,,,,,
,,,,,,
,,,,,,
,,,,,,
,,,,,,
,,,,,,
,,,,,,
,,,,,,
,,,,,,
,,,,,,
,,,,,,
,,,,,,
,,,,,,
,,,,,,
,,,,,,
,,,,,,
,,,,,,
,,,,,,
,,,,,,
,,,,,,
,,,,,,
,,,,,,
,,,,,,
,,,,,,
,,,,,,
,,,,,,
,,,,,,
,,,,,,
,,,,,,
,,,,,,
,,,,,,
,,,,,,
,,,,,,
,,,,,,
,,,,,,
,,,,,,
,,,,,,
,,,,,,
,,,,,,
,,,,,,
,,,,,,
,,,,,,
,,,,,,
,,,,,,
,,,,,,
,,,,,,
,,,,,,
,,,,,,
,,,,,,
,,,,,,
,,,,,,
,,,,,,
,,,,,,
,,,,,,
,,,,,,
,,,,,,
,,,,,,
,,,,,,
,,,,,,
,,,,,,
,,,,,,
,,,,,,
,,,,,,
,,,,,,
,,,,,,
,,,,,,
,,,,,,
,,,,,,
,,,,,,
,,,,,,
,,,,,,
,,,,,,
,,,,,,
,,,,,,
,,,,,,
,,,,,,
,,,,,,
,,,,,,
,,,,,,
,,,,,,
,,,,,,
,,,,,,
,,,,,,
,,,,,,
,,,,,,
,,,,,,
,,,,,,
,,,,,,
,,,,,,
,,,,,,
,,,,,,
,,,,,,
,,,,,,
,,,,,,
,,,,,,
,,,,,,
,,,,,,
,,,,,,
,,,,,,
,,,,,,
,,,,,,
,,,,,,
,,,,,,
,,,,,,
,,,,,,
,,,,,,
,,,,,,
,,,,,,
,,,,,,
,,,,,,
,,,,,,
,,,,,,
,,,,,,
,,,,,,
,,,,,,
,,,,,,
,,,,,,
,,,,,,
,,,,,,
,,,,,,
,,,,,,
,,,,,,
,,,,,,
,,,,,,
,,,,,,
,,,,,,
,,,,,,
,,,,,,
,,,,,,
,,,,,,
,,,,,,
,,,,,,
,,,,,,
,,,,,,
,,,,,,
,,,,,,
,,,,,,
,,,,,,
,,,,,,
,,,,,,
,,,,,,
,,,,,,
,,,,,,
,,,,,,
,,,,,,
,,,,,,
,,,,,,
,,,,,,
,,,,,,
,,,,,,
,,,,,,
,,,,,,
,,,,,,
,,,,,,
,,,,,,
,,,,,,
,,,,,,
,,,,,,
,,,,,,
,,,,,,
,,,,,,
,,,,,,
,,,,,,
,,,,,,
,,,,,,
,,,,,,
,,,,,,
,,,,,,
,,,,,,
,,,,,,
,,,,,,
,,,,,,
,,,,,,
,,,,,,
,,,,,,
,,,,,,
,,,,,,
,,,,,,
,,,,,,
,,,,,,
,,,,,,
,,,,,,
,,,,,,
,,,,,,
,,,,,,
,,,,,,
,,,,,,
,,,,,,
,,,,,,
,,,,,,
,,,,,,
,,,,,,
,,,,,,
,,,,,,
,,,,,,
,,,,,,
,,,,,,
,,,,,,
,,,,,,
,,,,,,
,,,,,,
,,,,,,
,,,,,,
,,,,,,
,,,,,,
,,,,,,
,,,,,,
,,,,,,
,,,,,,
,,,,,,
,,,,,,
,,,,,,
,,,,,,
,,,,,,
,,,,,,
,,,,,,
,,,,,,
,,,,,,
,,,,,,
,,,,,,
,,,,,,
,,,,,,
,,,,,,
,,,,,,
,,,,,,
,,,,,,
,,,,,,
,,,,,,
,,,,,,
,,,,,,
,,,,,,
,,,,,,
,,,,,,
,,,,,,
,,,,,,
,,,,,,
,,,,,,
,,,,,,
,,,,,,
,,,,,,
,,,,,,
,,,,,,
,,,,,,
,,,,,,
,,,,,,
,,,,,,
,,,,,,
,,,,,,
,,,,,,
,,,,,,
,,,,,,
,,,,,,
,,,,,,
,,,,,,
,,,,,,
,,,,,,
,,,,,,
,,,,,,
,,,,,,
,,,,,,
,,,,,,
,,,,,,
,,,,,,
,,,,,,
,,,,,,
,,,,,,
,,,,,,
,,,,,,
,,,,,,
,,,,,,
,,,,,,
,,,,,,
,,,,,,
,,,,,,
,,,,,,
,,,,,,
,,,,,,
,,,,,,
,,,,,,
,,,,,,
,,,,,,
,,,,,,
,,,,,,
,,,,,,
,,,,,,
,,,,,,
,,,,,,
,,,,,,
,,,,,,
,,,,,,
,,,,,,
,,,,,,
,,,,,,
,,,,,,
,,,,,,
,,,,,,
,,,,,,
,,,,,,
,,,,,,
,,,,,,
,,,,,,
,,,,,,
,,,,,,
,,,,,,
,,,,,,
,,,,,,
,,,,,,
,,,,,,
,,,,,,
,,,,,,
,,,,,,
,,,,,,
,,,,,,
,,,,,,
,,,,,,
,,,,,,
,,,,,,
,,,,,,
,,,,,,
,,,,,,
,,,,,,
,,,,,,
,,,,,,
,,,,,,
,,,,,,
,,,,,,
,,,,,,
,,,,,,
,,,,,,
,,,,,,
,,,,,,
,,,,,,
,,,,,,
,,,,,,
,,,,,,
,,,,,,
,,,,,,
,,,,,,
,,,,,,
,,,,,,
,,,,,,
,,,,,,
,,,,,,
,,,,,,
,,,,,,
,,,,,,
,,,,,,
,,,,,,
,,,,,,
,,,,,,
,,,,,,
,,,,,,
,,,,,,
,,,,,,
,,,,,,
,,,,,,
,,,,,,
,,,,,,
,,,,,,
,,,,,,
,,,,,,
,,,,,,
,,,,,,LA-007
,,,,,,RI-007
,,,,,,EN-002
,,,,,,RI-009
,,,,,,KN-007
,,,,,,RI-001
,,,,,,LA-004
,,,,,,LA-014
,,,,,,KN-007
,,,,,,LA-005
,,,,,,LA-004
,,,,,,LA-009
,,,,,,LA-015
,,,,,,KN-009
,,,,,,KN-010
,,,,,,KN-010
,,,,,,LA-013
,,,,,,LA-012
,,,,,,KN-004
,,,,,,RI-004
,,,,,,KN-008
,,,,,,LA-006
,,,,,,EN-005
,,,,,,LA-012
,,,,,,KN-010
,,,,,,EN-006
,,,,,,EN-003
,,,,,,KN-006
,,,,,,RI-003
,,,,,,KN-010
,,,,,,KN-007
,,,,,,KN-004
,,,,,,LA-014
,,,,,,LA-005
,,,,,,LA-009
,,,,,,LA-009
,,,,,,RI-004
,,,,,,LA-013
,,,,,,KN-010
,,,,,,LA-003
,,,,,,EN-005
,,,,,,RI-010
,,,,,,KN-005
,,,,,,KN-008
,,,,,,KN-010
,,,,,,RI-001
,,,,,,LA-002
,,,,,,KN-006
,,,,,,LA-015
,,,,,,KN-003
,,,,,,LA-004
,,,,,,KN-004
,,,,,,LA-001
,,,,,,LA-001
,,,,,,EN-001
,,,,,,LA-012
,,,,,,RI-009
,,,,,,LA-013
,,,,,,RI-005
,,,,,,KN-003
,,,,,,RI-010
,,,,,,LA-004
,,,,,,LA-012
,,,,,,LA-012
,,,,,,LA-005
,,,,,,KN-006
,,,,,,RI-010
,,,,,,KN-005
,,,,,,EN-006
,,,,,,LA-006
,,,,,,RI-006
,,,,,,LA-014
,,,,,,LA-012
,,,,,,LA-015
,,,,,,LA-011
,,,,,,LA-007
,,,,,,KN-009
,,,,,,LA-010
,,,,,,RI-002
,,,,,,LA-012
,,,,,,LA-013
,,,,,,LA-007
,,,,,,RI-001
,,,,,,KN-010
,,,,,,LA-009
,,,,,,RI-005
,,,,,,EN-001
,,,,,,RI-004
,,,,,,LA-002
,,,,,,RI-002
,,,,,,LA-012
,,,,,,LA-010
,,,,,,RI-006
,,,,,,KN-003
,,,,,,KN-002
,,,,,,KN-005
,,,,,,LA-011
,,,,,,KN-007
,,,,,,LA-002
,,,,,,KN-005
,,,,,,LA-002
,,,,,,LA-014
,,,,,,RI-004
,,,,,,KN-006
,,,,,,RI-002
,,,,,,RI-009
,,,,,,LA-009
,,,,,,KN-004
,,,,,,EN-002
,,,,,,KN-007
,,,,,,LA-012
,,,,,,LA-014
,,,,,,LA-013
,,,,,,KN-004
,,,,,,KN-006
,,,,,,EN-003
,,,,,,KN-002
,,,,,,LA-004
,,,,,,RI-006
,,,,,,KN-001
,,,,,,KN-007
,,,,,,RI-002
,,,,,,LA-008
,,,,,,LA-015
,,,,,,LA-005
,,,,,,RI-010
,,,,,,KN-006
,,,,,,LA-006
,,,,,,EN-002
,,,,,,LA-012
,,,,,,RI-010
,,,,,,RI-006
,,,,,,LA-015
,,,,,,EN-003
,,,,,,KN-004
,,,,,,LA-006
,,,,,,RI-006
,,,,,,KN-005
,,,,,,LA-010
,,,,,,RI-001
,,,,,,KN-010
,,,,,,LA-005
,,,,,,EN-006
,,,,,,LA-013
,,,,,,LA-004
,,,,,,RI-005
,,,,,,RI-010
,,,,,,LA-005
,,,,,,LA-007
,,,,,,LA-001
,,,,,,RI-001
,,,,,,KN-006
,,,,,,LA-012
,,,,,,LA-007
,,,,,,KN-004
,,,,,,KN-006
,,,,,,LA-014
,,,,,,KN-008
,,,,,,RI-007
,,,,,,RI-004
,,,,,,LA-007
,,,,,,LA-006
,,,,,,LA-003
,,,,,,KN-007
,,,,,,LA-002
,,,,,,RI-005
,,,,,,RI-008
,,,,,,KN-001
,,,,,,EN-001
,,,,,,LA-013
,,,,,,KN-009
,,,,,,LA-001
,,,,,,LA-006
,,,,,,EN-004
,,,,,,LA-001
,,,,,,LA-005
,,,,,,LA-007
,,,,,,LA-007
,,,,,,KN-009
,,,,,,LA-013
,,,,,,RI-004
,,,,,,LA-005
,,,,,,EN-003
,,,,,,LA-008
,,,,,,RI-008
,,,,,,LA-005
,,,,,,KN-003
,,,,,,LA-015
,,,,,,RI-001
,,,,,,KN-002
,,,,,,KN-009
,,,,,,KN-007
,,,,,,LA-012
,,,,,,LA-009
,,,,,,RI-001
,,,,,,KN-004
,,,,,,RI-010
,,,,,,LA-010
,,,,,,KN-008
,,,,,,LA-009
,,,,,,RI-004
,,,,,,LA-006
,,,,,,KN-005
,,,,,,RI-010
,,,,,,RI-003
,,,,,,LA-008
,,,,,,EN-002
,,,,,,EN-005
,,,,,,KN-001
,,,,,,KN-009
,,,,,,LA-006
,,,,,,LA-008
,,,,,,LA-011
,,,,,,KN-004
,,,,,,RI-008
,,,,,,LA-003
,,,,,,RI-009
,,,,,,LA-004
,,,,,,LA-013
,,,,,,KN-005
,,,,,,KN-010
,,,,,,LA-006
,,,,,,RI-001
,,,,,,KN-005
,,,,,,LA-015
,,,,,,LA-014
,,,,,,KN-008
,,,,,,LA-006
,,,,,,LA-004
,,,,,,LA-007
,,,,,,KN-003
,,,,,,KN-005
,,,,,,LA-014
,,,,,,KN-001
,,,,,,LA-014
,,,,,,LA-006
,,,,,,LA-005
,,,,,,RI-007
,,,,,,KN-001
,,,,,,LA-004
,,,,,,EN-002
,,,,,,RI-001
,,,,,,LA-012
,,,,,,LA-015
,,,,,,KN-005
,,,,,,RI-002
,,,,,,RI-004
,,,,,,KN-003
,,,,,,KN-005
,,,,,,LA-008
,,,,,,KN-007
,,,,,,LA-008
,,,,,,LA-012
,,,,,,LA-010
,,,,,,LA-010
,,,,,,LA-015
,,,,,,KN-010
,,,,,,KN-010
,,,,,,LA-013
,,,,,,LA-003
,,,,,,LA-011
,,,,,,RI-002
,,,,,,RI-001
,,,,,,KN-006
,,,,,,KN-003
,,,,,,KN-002
,,,,,,KN-005
,,,,,,KN-005
,,,,,,LA-008
,,,,,,EN-005
,,,,,,RI-010
,,,,,,KN-008
,,,,,,LA-011
,,,,,,KN-007
,,,,,,KN-006
,,,,,,KN-004
,,,,,,LA-003
,,,,,,LA-006
,,,,,,KN-008
,,,,,,RI-004
,,,,,,RI-001
,,,,,,LA-015
,,,,,,KN-003
,,,,,,LA-012
,,,,,,LA-015
,,,,,,LA-002
,,,,,,LA-011
,,,,,,EN-003
,,,,,,KN-006
,,,,,,LA-003
,,,,,,KN-002
,,,,,,LA-002
,,,,,,LA-002
,,,,,,RI-005
,,,,,,LA-001
,,,,,,LA-006
,,,,,,KN-003
,,,,,,LA-012
,,,,,,RI-001
,,,,,,LA-010
,,,,,,EN-006
,,,,,,LA-004
,,,,,,LA-012
,,,,,,LA-014
,,,,,,RI-005
,,,,,,RI-001
,,,,,,RI-001
,,,,,,KN-008
,,,,,,KN-001
,,,,,,KN-009
,,,,,,LA-007
,,,,,,LA-001
,,,,,,KN-006
,,,,,,LA-002
,,,,,,LA-001
,,,,,,KN-002
,,,,,,EN-002
,,,,,,RI-005
,,,,,,EN-001
,,,,,,LA-001
,,,,,,LA-003
,,,,,,LA-006
,,,,,,RI-010
,,,,,,EN-004
,,,,,,LA-009
,,,,,,LA-012
,,,,,,KN-003
,,,,,,RI-005
,,,,,,KN-006
,,,,,,LA-015
,,,,,,RI-002
,,,,,,LA-012
,,,,,,RI-001
,,,,,,LA-007
,,,,,,LA-004
,,,,,,LA-003
,,,,,,LA-011
,,,,,,RI-009
,,,,,,LA-003
,,,,,,LA-004
,,,,,,LA-010
,,,,,,KN-009
,,,,,,KN-004
,,,,,,RI-009
,,,,,,RI-005
,,,,,,LA-014
,,,,,,KN-005
,,,,,,KN-005
,,,,,,LA-014
,,,,,,KN-010
,,,,,,LA-006
,,,,,,KN-004
,,,,,,LA-009
,,,,,,RI-009
,,,,,,LA-011
,,,,,,EN-003
,,,,,,LA-013
,,,,,,LA-005
,,,,,,LA-011
,,,,,,LA-006
,,,,,,LA-012
,,,,,,EN-003
,,,,,,KN-006
,,,,,,RI-002
,,,,,,KN-007
,,,,,,LA-013
,,,,,,LA-015
,,,,,,LA-008
,,,,,,KN-004
,,,,,,KN-007
,,,,,,LA-010
,,,,,,KN-008
,,,,,,LA-009
,,,,,,LA-011
,,,,,,KN-004
,,,,,,LA-010
,,,,,,KN-001
,,,,,,LA-003
,,,,,,RI-003
,,,,,,KN-008
,,,,,,LA-003
,,,,,,LA-001
,,,,,,LA-009
,,,,,,LA-007
,,,,,,KN-009
,,,,,,LA-001
,,,,,,KN-008
,,,,,,KN-010
,,,,,,RI-004
,,,,,,RI-003
,,,,,,KN-009
,,,,,,RI-003
,,,,,,LA-002
,,,,,,LA-005
,,,,,,RI-004
,,,,,,LA-006
,,,,,,LA-002
,,,,,,RI-008
,,,,,,KN-007
,,,,,,KN-010
,,,,,,RI-002
,,,,,,KN-002
,,,,,,LA-015
,,,,,,LA-013
,,,,,,KN-009
,,,,,,LA-007
,,,,,,KN-003
,,,,,,EN-001
,,,,,,RI-008
,,,,,,LA-005
,,,,,,LA-004
,,,,,,LA-002
,,,,,,LA-015
,,,,,,LA-013
,,,,,,LA-009
,,,,,,LA-002
,,,,,,KN-003
,,,,,,RI-005
,,,,,,LA-005
,,,,,,KN-003
,,,,,,KN-002
,,,,,,RI-008
,,,,,,LA-012
,,,,,,EN-003
,,,,,,RI-009
,,,,,,EN-002
,,,,,,LA-001
,,,,,,EN-005
,,,,,,RI-006
,,,,,,KN-008
,,,,,,RI-005
,,,,,,EN-001
,,,,,,LA-013
,,,,,,RI-002
,,,,,,RI-007
,,,,,,KN-001
,,,,,,KN-007
,,,,,,RI-004
,,,,,,RI-003
,,,,,,KN-004
,,,,,,KN-004
,,,,,,LA-008
,,,,,,RI-002
,,,,,,RI-004
,,,,,,LA-008
,,,,,,RI-005
,,,,,,RI-002
,,,,,,KN-008
,,,,,,LA-008
,,,,,,KN-006
,,,,,,LA-004
,,,,,,RI-005
,,,,,,LA-003
,,,,,,LA-001
,,,,,,RI-009
,,,,,,LA-008
,,,,,,LA-015
,,,,,,EN-005
,,,,,,RI-010
,,,,,,KN-009
,,,,,,LA-001
,,,,,,LA-007
,,,,,,RI-010
,,,,,,LA-011
,,,,,,KN-001
,,,,,,KN-009
,,,,,,RI-008
,,,,,,LA-008
,,,,,,KN-010
,,,,,,KN-006
,,,,,,LA-004
,,,,,,RI-006
,,,,,,RI-003
,,,,,,LA-010
,,,,,,KN-005
,,,,,,LA-015
,,,,,,LA-013
,,,,,,RI-005
,,,,,,LA-013
,,,,,,KN-002
,,,,,,RI-005
,,,,,,EN-001
,,,,,,KN-006
,,,,,,KN-001
,,,,,,LA-007
,,,,,,KN-010
,,,,,,LA-012
,,,,,,EN-001
,,,,,,KN-005
,,,,,,RI-003
,,,,,,LA-015
,,,,,,LA-008
,,,,,,EN-003
,,,,,,RI-005
,,,,,,LA-013
,,,,,,LA-012
,,,,,,LA-004
,,,,,,RI-001
,,,,,,RI-009
,,,,,,LA-005
,,,,,,KN-005
,,,,,,EN-001
,,,,,,RI-008
,,,,,,KN-004
,,,,,,RI-005
,,,,,,LA-001
,,,,,,LA-012
,,,,,,RI-010
,,,,,,KN-004
,,,,,,KN-009
,,,,,,RI-002
,,,,,,LA-012
,,,,,,RI-005
,,,,,,LA-014
,,,,,,LA-013
,,,,,,RI-001
,,,,,,KN-001
,,,,,,LA-008
,,,,,,LA-011
,,,,,,KN-007
,,,,,,LA-015
,,,,,,LA-001
,,,,,,LA-001
,,,,,,KN-003
,,,,,,LA-008
,,,,,,KN-005
,,,,,,KN-001
,,,,,,EN-003
,,,,,,LA-010
,,,,,,LA-011
,,,,,,RI-006
,,,,,,EN-002
,,,,,,LA-014
,,,,,,RI-004
,,,,,,LA-009
,,,,,,EN-003
,,,,,,LA-006
,,,,,,EN-006
,,,,,,RI-009
,,,,,,LA-005
,,,,,,RI-007
,,,,,,RI-010
,,,,,,KN-009
,,,,,,RI-005
,,,,,,LA-008
,,,,,,RI-006
,,,,,,RI-003
,,,,,,RI-009
,,,,,,LA-010
,,,,,,LA-004
,,,,,,EN-001
,,,,,,RI-010
,,,,,,LA-012
,,,,,,KN-001
,,,,,,KN-009
,,,,,,KN-008
,,,,,,KN-003
,,,,,,KN-009
,,,,,,LA-014
,,,,,,KN-003
,,,,,,RI-003
,,,,,,LA-006
,,,,,,KN-006
,,,,,,RI-002
,,,,,,LA-012
,,,,,,EN-004
,,,,,,KN-010
,,,,,,LA-004
,,,,,,LA-006
,,,,,,LA-008
,,,,,,EN-004
,,,,,,KN-007
,,,,,,LA-007
,,,,,,LA-013
,,,,,,RI-004
,,,,,,LA-006
,,,,,,LA-013
,,,,,,KN-008
,,,,,,KN-008
,,,,,,KN-004
,,,,,,LA-014
,,,,,,LA-003
,,,,,,LA-011
,,,,,,KN-004
,,,,,,RI-006
,,,,,,EN-006
,,,,,,LA-004
,,,,,,KN-006
,,,,,,KN-002
,,,,,,KN-001
,,,,,,RI-001
,,,,,,KN-004
,,,,,,RI-005
,,,,,,RI-007
,,,,,,LA-001
,,,,,,RI-003
,,,,,,LA-011
,,,,,,LA-005
,,,,,,LA-013
,,,,,,LA-010
,,,,,,LA-006
,,,,,,LA-009
,,,,,,LA-009
,,,,,,RI-007
,,,,,,KN-010
,,,,,,KN-003
,,,,,,RI-006
,,,,,,KN-005
,,,,,,LA-013
,,,,,,KN-006
,,,,,,KN-008
,,,,,,LA-015
,,,,,,LA-002
,,,,,,LA-010
,,,,,,LA-006
,,,,,,EN-003
,,,,,,RI-003
,,,,,,LA-014
,,,,,,KN-002
,,,,,,RI-006
,,,,,,LA-011
,,,,,,EN-006
,,,,,,LA-003
,,,,,,LA-011
,,,,,,RI-008
,,,,,,RI-002
,,,,,,LA-014
,,,,,,LA-003
,,,,,,LA-008
,,,,,,KN-004
,,,,,,LA-003
,,,,,,LA-015
,,,,,,LA-005
,,,,,,KN-010
,,,,,,KN-002
,,,,,,KN-004
,,,,,,LA-008
,,,,,,RI-008
,,,,,,KN-003
,,,,,,LA-015
,,,,,,LA-012
,,,,,,LA-009
,,,,,,KN-005
,,,,,,KN-001
,,,,,,KN-001
,,,,,,EN-001
,,,,,,LA-002
,,,,,,LA-012
,,,,,,LA-001
,,,,,,RI-001
,,,,,,RI-005
,,,,,,LA-007
,,,,,,LA-013
,,,,,,LA-015
,,,,,,EN-002
,,,,,,LA-007
,,,,,,RI-004
,,,,,,LA-007
,,,,,,LA-009
,,,,,,LA-008
,,,,,,LA-013
,,,,,,LA-004
,,,,,,RI-005
,,,,,,RI-007
,,,,,,KN-007
,,,,,,LA-011
,,,,,,LA-010
,,,,,,LA-005
,,,,,,RI-008
,,,,,,KN-007
,,,,,,LA-002
,,,,,,RI-003
,,,,,,RI-004
,,,,,,LA-009
,,,,,,LA-009
,,,,,,KN-005
,,,,,,KN-002
,,,,,,LA-011
,,,,,,KN-003
,,,,,,LA-009
,,,,,,LA-008
,,,,,,LA-010
,,,,,,KN-008
,,,,,,KN-006
,,,,,,RI-005
,,,,,,LA-007
,,,,,,LA-008
,,,,,,LA-009
,,,,,,KN-008
,,,,,,RI-001
,,,,,,RI-004
,,,,,,LA-001
,,,,,,EN-002
,,,,,,RI-008
,,,,,,LA-007
,,,,,,LA-005
,,,,,,LA-013
,,,,,,KN-005
,,,,,,RI-001
,,,,,,RI-004
,,,,,,EN-005
,,,,,,RI-007
,,,,,,KN-002
,,,,,,KN-005
,,,,,,KN-002
,,,,,,KN-004
,,,,,,KN-001
,,,,,,KN-005
,,,,,,KN-004
,,,,,,RI-010
,,,,,,KN-001
,,,,,,LA-003
,,,,,,LA-009
,,,,,,RI-001
,,,,,,LA-014
,,,,,,LA-004
,,,,,,KN-005
,,,,,,LA-008
,,,,,,LA-009
,,,,,,LA-015
,,,,,,KN-010
,,,,,,LA-005
,,,,,,LA-013
,,,,,,KN-002
,,,,,,RI-005
,,,,,,LA-015
,,,,,,KN-003
,,,,,,LA-005
,,,,,,KN-003
,,,,,,LA-014
,,,,,,KN-010
,,,,,,LA-012
,,,,,,KN-010
,,,,,,LA-010
,,,,,,RI-003
,,,,,,LA-005
,,,,,,RI-008
,,,,,,LA-006
,,,,,,KN-002
,,,,,,LA-012
,,,,,,LA-007
,,,,,,EN-001
,,,,,,KN-006
,,,,,,LA-005
,,,,,,KN-003
,,,,,,KN-003
,,,,,,KN-009
,,,,,,EN-002
,,,,,,LA-006
,,,,,,LA-014
,,,,,,KN-007
,,,,,,KN-001
,,,,,,KN-008
,,,,,,KN-001
,,,,,,RI-008
,,,,,,LA-003
,,,,,,EN-001
,,,,,,KN-006
,,,,,,LA-001
,,,,,,EN-001
,,,,,,LA-009
,,,,,,LA-007
,,,,,,RI-009
,,,,,,KN-005
,,,,,,RI-002
,,,,,,KN-002
,,,,,,KN-003
,,,,,,EN-001
,,,,,,LA-001
,,,,,,KN-009
,,,,,,EN-004
,,,,,,LA-006
,,,,,,EN-001
,,,,,,EN-002
,,,,,,LA-004
,,,,,,LA-014
,,,,,,KN-006
,,,,,,RI-003
,,,,,,LA-007
,,,,,,LA-005
,,,,,,KN-003
,,,,,,LA-015
,,,,,,LA-012
,,,,,,RI-006
,,,,,,RI-007
,,,,,,LA-014
,,,,,,LA-008
,,,,,,KN-006
,,,,,,KN-010
,,,,,,KN-007
,,,,,,EN-002
,,,,,,LA-011
,,,,,,EN-003
,,,,,,KN-006
,,,,,,LA-007
,,,,,,LA-010
,,,,,,KN-007
,,,,,,KN-002
,,,,,,KN-010
,,,,,,LA-015
,,,,,,LA-015
,,,,,,LA-003
,,,,,,KN-001
,,,,,,KN-002
,,,,,,LA-010
,,,,,,KN-006
,,,,,,RI-005
,,,,,,EN-003
,,,,,,KN-010
,,,,,,KN-003
,,,,,,EN-001
,,,,,,LA-002
,,,,,,LA-003
,,,,,,RI-003
,,,,,,LA-008
,,,,,,KN-010
,,,,,,LA-009
,,,,,,LA-008
,,,,,,KN-003
,,,,,,LA-009
,,,,,,KN-007
,,,,,,LA-005
,,,,,,KN-008
,,,,,,LA-005
,,,,,,KN-004
,,,,,,LA-007
,,,,,,LA-015
,,,,,,EN-006
,,,,,,LA-001
,,,,,,LA-011
,,,,,,KN-001
,,,,,,EN-005
,,,,,,KN-007
,,,,,,RI-001
,,,,,,LA-007
,,,,,,KN-010
,,,,,,LA-011
,,,,,,KN-005
,,,,,,LA-002
,,,,,,RI-002
,,,,,,LA-007
,,,,,,KN-002
,,,,,,KN-009
,,,,,,LA-011
,,,,,,RI-006
,,,,,,LA-014
,,,,,,LA-008
,,,,,,EN-003
,,,,,,LA-007
,,,,,,EN-004
,,,,,,EN-006
,,,,,,RI-010
,,,,,,KN-001
,,,,,,LA-015
,,,,,,LA-013
,,,,,,RI-004
,,,,,,LA-005
,,,,,,LA-009
,,,,,,LA-001
,,,,,,LA-010
,,,,,,LA-004
,,,,,,RI-009
,,,,,,LA-005
,,,,,,EN-003
,,,,,,LA-015
,,,,,,KN-003
,,,,,,LA-006
,,,,,,KN-004
,,,,,,KN-006
,,,,,,KN-008
,,,,,,RI-010
,,,,,,LA-005
,,,,,,LA-005
,,,,,,KN-001
,,,,,,KN-003
,,,,,,LA-012
,,,,,,RI-002
,,,,,,LA-012
,,,,,,LA-005
,,,,,,KN-004
,,,,,,RI-001
,,,,,,RI-010
,,,,,,LA-008
,,,,,,KN-009
,,,,,,KN-001
,,,,,,KN-001
,,,,,,KN-009
,,,,,,EN-003
,,,,,,RI-005
,,,,,,LA-003
,,,,,,KN-002
,,,,,,LA-008
,,,,,,RI-010
,,,,,,RI-007
,,,,,,KN-003
,,,,,,KN-002
,,,,,,KN-007
,,,,,,LA-011
,,,,,,RI-008
,,,,,,KN-007
,,,,,,RI-006
,,,,,,LA-004
,,,,,,KN-001
,,,,,,KN-003
,,,,,,LA-002
,,,,,,RI-008
,,,,,,LA-007
,,,,,,RI-009
,,,,,,RI-009
,,,,,,RI-003
,,,,,,LA-013
,,,,,,RI-001
,,,,,,LA-004
,,,,,,LA-008
,,,,,,LA-009
,,,,,,EN-001
,,,,,,LA-015
,,,,,,LA-001
,,,,,,RI-006
,,,,,,LA-013
,,,,,,LA-013
,,,,,,LA-007
,,,,,,KN-007
,,,,,,LA-001
,,,,,,LA-011
,,,,,,KN-002
,,,,,,RI-001
,,,,,,LA-008
,,,,,,KN-001
,,,,,,LA-003
,,,,,,RI-001
,,,,,,KN-007
,,,,,,KN-009
,,,,,,LA-013
,,,,,,LA-014
,,,,,,LA-003
,,,,,,RI-005
,,,,,,KN-005
,,,,,,KN-009
,,,,,,LA-007
,,,,,,KN-004
,,,,,,LA-002
,,,,,,LA-003
,,,,,,LA-013
,,,,,,LA-003
,,,,,,LA-013
,,,,,,LA-008
,,,,,,LA-002
,,,,,,KN-009
,,,,,,RI-006
,,,,,,LA-012
,,,,,,KN-010
,,,,,,LA-008
,,,,,,LA-003
,,,,,,KN-008
,,,,,,KN-008
,,,,,,RI-008
,,,,,,LA-008
,,,,,,KN-001
,,,,,,LA-002
,,,,,,LA-013
,,,,,,LA-007
,,,,,,EN-001
,,,,,,LA-012
,,,,,,KN-005
,,,,,,KN-008
,,,,,,LA-005
,,,,,,LA-012
,,,,,,LA-014
,,,,,,LA-011
,,,,,,KN-009
,,,,,,LA-014
,,,,,,LA-007
,,,,,,LA-001
,,,,,,LA-002
,,,,,,RI-005
,,,,,,LA-015
,,,,,,KN-008
,,,,,,LA-007
,,,,,,RI-001
,,,,,,RI-009
,,,,,,LA-006
,,,,,,KN-007
,,,,,,KN-007
,,,,,,LA-008
,,,,,,LA-014
,,,,,,KN-005
,,,,,,LA-008
,,,,,,KN-003
,,,,,,KN-004
,,,,,,LA-007
,,,,,,KN-006
,,,,,,EN-001
,,,,,,KN-010
,,,,,,LA-007
,,,,,,KN-009
,,,,,,KN-004
,,,,,,LA-006
,,,,,,EN-001
,,,,,,KN-003
,,,,,,LA-008
,,,,,,LA-015
,,,,,,LA-006
,,,,,,LA-011
,,,,,,LA-006
,,,,,,KN-004
,,,,,,LA-002
,,,,,,LA-012
,,,,,,LA-012
,,,,,,LA-003
,,,,,,LA-006
,,,,,,LA-007
,,,,,,LA-009
,,,,,,KN-001
,,,,,,LA-004
,,,,,,LA-008
,,,,,,KN-007
,,,,,,KN-002
,,,,,,LA-007
,,,,,,KN-002
,,,,,,KN-009
,,,,,,KN-010
,,,,,,KN-004
,,,,,,KN-008
,,,,,,KN-005
,,,,,,EN-004
,,,,,,LA-008
,,,,,,LA-012
,,,,,,RI-006
,,,,,,LA-013
,,,,,,LA-008
,,,,,,LA-014
,,,,,,LA-002
,,,,,,RI-006
,,,,,,LA-014
,,,,,,KN-007
,,,,,,KN-002
,,,,,,RI-007
,,,,,,RI-006
,,,,,,LA-012
,,,,,,KN-004
,,,,,,LA-007
,,,,,,KN-009
,,,,,,LA-014
,,,,,,KN-010
,,,,,,RI-001
,,,,,,KN-009
,,,,,,EN-002
,,,,,,LA-004
,,,,,,LA-014
,,,,,,LA-001
,,,,,,LA-012
,,,,,,KN-010
,,,,,,LA-012
,,,,,,LA-011
,,,,,,RI-006
,,,,,,RI-004
,,,,,,KN-010
,,,,,,LA-007
,,,,,,RI-006
,,,,,,LA-004
,,,,,,RI-010
,,,,,,LA-008
,,,,,,RI-001
,,,,,,RI-006
,,,,,,KN-003
,,,,,,LA-001
,,,,,,LA-013
,,,,,,KN-001
,,,,,,LA-002
,,,,,,KN-001
,,,,,,LA-011
,,,,,,RI-004
,,,,,,LA-005
,,,,,,RI-006
,,,,,,KN-009
,,,,,,LA-014
,,,,,,LA-008
,,,,,,LA-011
,,,,,,LA-013
,,,,,,LA-015
,,,,,,LA-012
,,,,,,LA-013
,,,,,,LA-006
,,,,,,KN-010
,,,,,,LA-009
,,,,,,LA-014
,,,,,,EN-002
,,,,,,RI-002
,,,,,,RI-003
,,,,,,RI-008
,,,,,,LA-007
,,,,,,LA-009
,,,,,,KN-005
,,,,,,KN-007
,,,,,,LA-009
,,,,,,LA-005
,,,,,,LA-007
,,,,,,LA-015
,,,,,,LA-014
,,,,,,LA-006
,,,,,,RI-010
,,,,,,LA-012
,,,,,,KN-001
,,,,,,LA-004
,,,,,,KN-002
,,,,,,RI-002
,,,,,,LA-014
,,,,,,EN-001
,,,,,,LA-012
,,,,,,KN-002
,,,,,,KN-007
,,,,,,KN-010
,,,,,,LA-015
,,,,,,KN-001
,,,,,,LA-006
,,,,,,RI-004
,,,,,,LA-015
,,,,,,RI-007
,,,,,,KN-008
,,,,,,KN-001
,,,,,,KN-002
,,,,,,KN-003
,,,,,,LA-012
,,,,,,LA-009
,,,,,,KN-004
,,,,,,LA-007
,,,,,,LA-011
,,,,,,KN-001
,,,,,,LA-001
,,,,,,LA-007
,,,,,,RI-008
,,,,,,LA-004
,,,,,,LA-006
,,,,,,LA-003
,,,,,,KN-002
,,,,,,LA-001
,,,,,,LA-002
,,,,,,LA-004
,,,,,,RI-001
,,,,,,LA-001
,,,,,,LA-013
,,,,,,LA-012
,,,,,,LA-010
,,,,,,KN-006
,,,,,,RI-005
,,,,,,RI-003
,,,,,,RI-009
,,,,,,LA-005
,,,,,,KN-003
,,,,,,LA-008
,,,,,,EN-003
,,,,,,LA-005
,,,,,,LA-013
,,,,,,KN-002
,,,,,,KN-004
,,,,,,EN-005
,,,,,,LA-005
,,,,,,EN-001
,,,,,,LA-014
,,,,,,KN-005
,,,,,,RI-010
,,,,,,KN-007
,,,,,,LA-004
,,,,,,RI-005
,,,,,,KN-005
,,,,,,LA-012
,,,,,,KN-009
,,,,,,KN-006
,,,,,,RI-007
,,,,,,LA-014
,,,,,,LA-014
,,,,,,KN-007
,,,,,,LA-001
,,,,,,LA-008
,,,,,,LA-008
,,,,,,LA-015
,,,,,,LA-009
,,,,,,KN-002
,,,,,,KN-005
,,,,,,RI-001
,,,,,,KN-002
,,,,,,KN-004
,,,,,,LA-006
,,,,,,LA-015
,,,,,,LA-001
,,,,,,LA-015
,,,,,,EN-001
,,,,,,RI-001
,,,,,,KN-001
,,,,,,KN-007
,,,,,,LA-010
,,,,,,LA-007
,,,,,,LA-009
,,,,,,KN-009
,,,,,,RI-008
,,,,,,LA-011
,,,,,,RI-009
,,,,,,KN-009
,,,,,,LA-008
,,,,,,RI-009
,,,,,,KN-009
,,,,,,LA-006
,,,,,,KN-002
,,,,,,LA-010
,,,,,,LA-001
,,,,,,KN-004
,,,,,,RI-001
,,,,,,RI-002
,,,,,,KN-005
,,,,,,LA-013
,,,,,,LA-010
,,,,,,RI-001
,,,,,,LA-009
,,,,,,LA-003
,,,,,,LA-003
,,,,,,KN-009
,,,,,,KN-010
,,,,,,LA-015
,,,,,,LA-015
,,,,,,RI-007
,,,,,,LA-015
,,,,,,RI-010
,,,,,,RI-003
,,,,,,LA-013
,,,,,,KN-001
,,,,,,KN-007
,,,,,,LA-004
,,,,,,LA-001
,,,,,,LA-013
,,,,,,KN-004
,,,,,,KN-004
,,,,,,KN-006
,,,,,,KN-001
,,,,,,RI-003
,,,,,,RI-010
,,,,,,RI-009
,,,,,,LA-012
,,,,,,LA-006
,,,,,,RI-001
,,,,,,LA-006
,,,,,,LA-012
,,,,,,KN-008
,,,,,,KN-002
,,,,,,KN-010
,,,,,,KN-001
,,,,,,LA-015
,,,,,,LA-009
,,,,,,LA-015
,,,,,,KN-008
,,,,,,RI-007
,,,,,,RI-005
,,,,,,EN-004
,,,,,,KN-001
,,,,,,LA-014
,,,,,,KN-001
,,,,,,LA-003
,,,,,,RI-009
,,,,,,LA-011
,,,,,,LA-002
,,,,,,LA-007
,,,,,,LA-011
,,,,,,KN-010
,,,,,,LA-002
,,,,,,KN-003
,,,,,,LA-009
,,,,,,LA-009
,,,,,,KN-004
,,,,,,KN-008
,,,,,,KN-008
,,,,,,KN-005
,,,,,,EN-002
,,,,,,LA-006
,,,,,,KN-004
,,,,,,LA-012
,,,,,,RI-006
,,,,,,LA-007
,,,,,,RI-010
,,,,,,RI-009
,,,,,,LA-004
,,,,,,RI-009
,,,,,,KN-010
,,,,,,LA-012
,,,,,,RI-004
,,,,,,LA-014
,,,,,,LA-013
,,,,,,LA-004
,,,,,,LA-009
,,,,,,LA-013
,,,,,,LA-001
,,,,,,LA-004
,,,,,,LA-014
,,,,,,RI-003
,,,,,,LA-004
,,,,,,LA-006
,,,,,,LA-004
,,,,,,KN-001
,,,,,,KN-006
,,,,,,LA-004
,,,,,,LA-015
,,,,,,KN-008
,,,,,,LA-003
,,,,,,LA-001
,,,,,,RI-008
,,,,,,KN-001
,,,,,,LA-002
,,,,,,LA-008
,,,,,,RI-009
,,,,,,LA-003
,,,,,,LA-015
,,,,,,RI-005
,,,,,,LA-002
,,,,,,LA-009
,,,,,,KN-002
,,,,,,KN-010
,,,,,,LA-001
,,,,,,KN-005
,,,,,,LA-013
,,,,,,LA-012
,,,,,,LA-009
,,,,,,RI-007
,,,,,,KN-007
,,,,,,KN-010
,,,,,,RI-008
,,,,,,LA-012
,,,,,,LA-010
,,,,,,KN-004
,,,,,,RI-006
,,,,,,LA-005
,,,,,,LA-002
,,,,,,KN-010
,,,,,,LA-004
,,,,,,KN-006
,,,,,,LA-010
,,,,,,LA-002
,,,,,,RI-009
,,,,,,LA-004
,,,,,,LA-009
,,,,,,RI-008
,,,,,,LA-003
,,,,,,RI-001
,,,,,,LA-010
,,,,,,LA-015
,,,,,,LA-005
,,,,,,LA-005
,,,,,,LA-011
,,,,,,KN-003
,,,,,,LA-012
,,,,,,LA-014
,,,,,,KN-004
,,,,,,RI-007
,,,,,,RI-006
,,,,,,LA-002
,,,,,,LA-012
,,,,,,LA-002
,,,,,,LA-014
,,,,,,KN-010
,,,,,,KN-001
,,,,,,LA-004
,,,,,,KN-001
,,,,,,LA-005
,,,,,,LA-008
,,,,,,LA-003
,,,,,,KN-005
,,,,,,LA-004
,,,,,,LA-013
,,,,,,KN-006
,,,,,,LA-002
,,,,,,LA-002
,,,,,,KN-006
,,,,,,LA-012
,,,,,,KN-007
,,,,,,RI-005
,,,,,,KN-005
,,,,,,LA-008
,,,,,,LA-013
,,,,,,KN-009
,,,,,,EN-001
,,,,,,KN-003
,,,,,,LA-010
,,,,,,LA-004
,,,,,,RI-004
,,,,,,LA-014
,,,,,,KN-008
,,,,,,KN-008
,,,,,,KN-005
,,,,,,KN-005
,,,,,,LA-007
,,,,,,LA-011
,,,,,,LA-004
,,,,,,KN-009
,,,,,,LA-009
,,,,,,LA-006
,,,,,,LA-013
,,,,,,KN-006
,,,,,,LA-006
,,,,,,KN-001
,,,,,,KN-010
,,,,,,KN-007
,,,,,,KN-006
,,,,,,RI-004
,,,,,,KN-005
,,,,,,LA-009
,,,,,,KN-001
,,,,,,KN-002
,,,,,,RI-007
,,,,,,LA-006
,,,,,,LA-005
,,,,,,LA-006
,,,,,,LA-012
,,,,,,LA-008
,,,,,,LA-003
,,,,,,LA-002
,,,,,,LA-015
,,,,,,KN-006
,,,,,,KN-010
,,,,,,LA-008
,,,,,,KN-008
,,,,,,LA-013
,,,,,,RI-010
,,,,,,EN-002
,,,,,,KN-006
,,,,,,LA-008
,,,,,,KN-005
,,,,,,LA-007
,,,,,,LA-015
,,,,,,LA-013
,,,,,,LA-009
,,,,,,RI-007
,,,,,,RI-006
,,,,,,LA-010
,,,,,,KN-002
,,,,,,KN-010
,,,,,,KN-009
,,,,,,KN-007
,,,,,,LA-008
,,,,,,KN-004
,,,,,,LA-006
,,,,,,LA-004
,,,,,,LA-013
,,,,,,LA-015
,,,,,,KN-005
,,,,,,KN-004
,,,,,,KN-001
,,,,,,LA-007
,,,,,,LA-011
,,,,,,LA-010
,,,,,,LA-004
,,,,,,KN-008
,,,,,,KN-002
,,,,,,LA-014
,,,,,,KN-005
,,,,,,LA-008
,,,,,,KN-009
,,,,,,LA-004
,,,,,,RI-009
,,,,,,KN-002
,,,,,,LA-007
,,,,,,LA-013
,,,,,,LA-008
,,,,,,KN-009
,,,,,,LA-001
,,,,,,KN-010
,,,,,,LA-010
,,,,,,LA-009
,,,,,,KN-002
,,,,,,KN-004
,,,,,,LA-002
,,,,,,LA-002
,,,,,,KN-008
,,,,,,LA-007
,,,,,,KN-003
,,,,,,KN-001
,,,,,,LA-009
,,,,,,LA-015
,,,,,,KN-007
,,,,,,LA-010
,,,,,,LA-012
,,,,,,LA-013
,,,,,,KN-006
,,,,,,KN-002
,,,,,,LA-013
,,,,,,LA-008
,,,,,,KN-002
,,,,,,RI-005
,,,,,,LA-009
,,,,,,LA-001
,,,,,,LA-013
,,,,,,KN-009
,,,,,,LA-013
,,,,,,KN-001
,,,,,,RI-004
,,,,,,LA-008
,,,,,,LA-008
,,,,,,RI-005
,,,,,,KN-006
,,,,,,LA-008
,,,,,,LA-004
,,,,,,KN-002
,,,,,,KN-008
,,,,,,LA-009
,,,,,,LA-014
,,,,,,KN-010
,,,,,,LA-002
,,,,,,LA-003
,,,,,,LA-011
,,,,,,LA-015
,,,,,,KN-007
,,,,,,KN-001
,,,,,,KN-008
,,,,,,LA-012
,,,,,,LA-007
,,,,,,LA-005
,,,,,,KN-007
,,,,,,RI-001
,,,,,,RI-006
,,,,,,LA-008
,,,,,,LA-013
,,,,,,EN-002
,,,,,,LA-006
,,,,,,LA-014
,,,,,,KN-005
,,,,,,KN-009
,,,,,,KN-004
,,,,,,LA-014
,,,,,,LA-008
,,,,,,LA-010
,,,,,,KN-007
,,,,,,KN-009
,,,,,,KN-006
,,,,,,KN-008
,,,,,,KN-005
,,,,,,LA-006
,,,,,,LA-013
,,,,,,LA-009
,,,,,,LA-002
,,,,,,LA-011
,,,,,,LA-006
,,,,,,LA-003
,,,,,,KN-002
,,,,,,LA-015
,,,,,,LA-013
,,,,,,KN-010
,,,,,,LA-004
,,,,,,LA-005
,,,,,,LA-004
,,,,,,KN-008
,,,,,,LA-014
,,,,,,KN-009
,,,,,,LA-011
,,,,,,LA-001
,,,,,,LA-015
,,,,,,KN-008
,,,,,,LA-004
,,,,,,KN-005
,,,,,,RI-005
,,,,,,LA-009
,,,,,,KN-007
,,,,,,LA-003
,,,,,,LA-003
,,,,,,LA-002
,,,,,,LA-003
,,,,,,LA-006
,,,,,,LA-008
,,,,,,LA-012
,,,,,,KN-007
,,,,,,LA-006
,,,,,,LA-006
,,,,,,KN-004
,,,,,,LA-009
,,,,,,LA-007
,,,,,,LA-011
,,,,,,KN-008
,,,,,,KN-009
,,,,,,KN-003
,,,,,,LA-013
,,,,,,KN-010
,,,,,,KN-007
,,,,,,RI-004
,,,,,,KN-007
,,,,,,LA-002
,,,,,,RI-001
,,,,,,LA-008
,,,,,,LA-003
,,,,,,LA-009
,,,,,,KN-004
,,,,,,LA-013
,,,,,,LA-015
,,,,,,LA-014
,,,,,,RI-009
,,,,,,KN-003
,,,,,,KN-001
,,,,,,LA-010
,,,,,,LA-001
,,,,,,KN-001
,,,,,,LA-001
,,,,,,LA-015
,,,,,,KN-002
,,,,,,LA-008
,,,,,,LA-009
,,,,,,KN-005
,,,,,,LA-005
,,,,,,RI-001
,,,,,,LA-011
,,,,,,LA-004
,,,,,,LA-014
,,,,,,LA-004
,,,,,,LA-007
,,,,,,LA-006
,,,,,,LA-002
,,,,,,LA-001
,,,,,,KN-005
,,,,,,KN-008
,,,,,,LA-006
,,,,,,LA-009
,,,,,,LA-009
,,,,,,RI-002
,,,,,,LA-008
,,,,,,KN-002
,,,,,,LA-003
,,,,,,LA-015
,,,,,,RI-006
,,,,,,EN-001
,,,,,,LA-006
,,,,,,LA-010
,,,,,,KN-002
,,,,,,RI-001
,,,,,,LA-004
,,,,,,KN-001
,,,,,,LA-015
,,,,,,LA-002
,,,,,,LA-011
,,,,,,LA-011
,,,,,,KN-005
,,,,,,RI-008
,,,,,,LA-012
,,,,,,KN-010
,,,,,,LA-015
,,,,,,LA-005
,,,,,,RI-002
,,,,,,LA-012
,,,,,,KN-008
,,,,,,KN-009
,,,,,,RI-004
,,,,,,RI-006
,,,,,,LA-009
,,,,,,KN-004
,,,,,,KN-008
,,,,,,LA-012
,,,,,,LA-003
,,,,,,RI-007
,,,,,,KN-009
,,,,,,LA-012
,,,,,,LA-001
,,,,,,KN-008
,,,,,,LA-005
,,,,,,KN-010
,,,,,,RI-002
,,,,,,KN-006
,,,,,,LA-001
,,,,,,LA-006
,,,,,,LA-012
,,,,,,KN-006
,,,,,,LA-001
,,,,,,RI-005
,,,,,,LA-008
,,,,,,KN-010
,,,,,,KN-007
,,,,,,LA-010
,,,,,,KN-008
,,,,,,LA-006
,,,,,,KN-002
,,,,,,RI-006
,,,,,,LA-003
,,,,,,LA-008
,,,,,,LA-003
,,,,,,LA-010
,,,,,,RI-002
,,,,,,KN-008
,,,,,,KN-004
,,,,,,KN-007
,,,,,,KN-010
,,,,,,LA-012
,,,,,,LA-004
,,,,,,LA-013
,,,,,,KN-004
,,,,,,LA-007
,,,,,,LA-009
,,,,,,LA-013
,,,,,,LA-003
,,,,,,KN-002
,,,,,,KN-006
,,,,,,LA-002
,,,,,,LA-009
,,,,,,LA-014
,,,,,,LA-012
,,,,,,KN-001
,,,,,,LA-002
,,,,,,LA-005
,,,,,,LA-001
,,,,,,KN-002
,,,,,,LA-013
,,,,,,LA-013
,,,,,,LA-001
,,,,,,KN-001
,,,,,,LA-012
,,,,,,KN-006
,,,,,,LA-001
,,,,,,LA-005
,,,,,,LA-007
,,,,,,LA-014
,,,,,,LA-009
,,,,,,LA-004
,,,,,,KN-008
,,,,,,LA-008
,,,,,,LA-012
,,,,,,RI-007
,,,,,,LA-008
,,,,,,LA-011
,,,,,,LA-006
,,,,,,LA-003
,,,,,,LA-001
,,,,,,LA-014
,,,,,,KN-009
,,,,,,RI-009
,,,,,,KN-002
,,,,,,RI-005
,,,,,,LA-006
,,,,,,LA-007
,,,,,,KN-004
,,,,,,LA-011
,,,,,,LA-014
,,,,,,LA-009
,,,,,,LA-009
,,,,,,LA-003
,,,,,,LA-015
,,,,,,LA-001
,,,,,,RI-004
,,,,,,LA-006
,,,,,,LA-004
,,,,,,KN-010
,,,,,,RI-005
,,,,,,LA-006
,,,,,,KN-009
,,,,,,LA-007
,,,,,,KN-003
,,,,,,KN-006
,,,,,,LA-009
,,,,,,LA-010
,,,,,,LA-003
,,,,,,KN-006
,,,,,,LA-008
,,,,,,KN-010
,,,,,,LA-013
,,,,,,LA-003
,,,,,,KN-010
,,,,,,LA-014
,,,,,,LA-015
,,,,,,RI-006
,,,,,,LA-013
,,,,,,LA-003
,,,,,,LA-009
,,,,,,LA-013
,,,,,,LA-012
,,,,,,KN-001
,,,,,,KN-008
,,,,,,RI-004
,,,,,,LA-012
,,,,,,RI-009
,,,,,,LA-007
,,,,,,LA-008
,,,,,,LA-011
,,,,,,LA-013
,,,,,,LA-014
,,,,,,LA-012
,,,,,,LA-003
,,,,,,RI-001
,,,,,,LA-012
,,,,,,LA-001
,,,,,,LA-008
,,,,,,RI-004
,,,,,,LA-015
,,,,,,KN-003
,,,,,,KN-010
,,,,,,KN-005
,,,,,,KN-009
,,,,,,LA-014
,,,,,,KN-003
,,,,,,LA-012
,,,,,,LA-004
,,,,,,LA-006
,,,,,,KN-005
,,,,,,LA-011
,,,,,,LA-007
,,,,,,RI-002
,,,,,,LA-005
,,,,,,LA-007
,,,,,,RI-007
,,,,,,LA-003
,,,,,,LA-004
,,,,,,KN-007
,,,,,,KN-007
,,,,,,LA-006
,,,,,,LA-005
,,,,,,RI-004
,,,,,,LA-002
,,,,,,LA-008
,,,,,,KN-001
,,,,,,KN-005
,,,,,,LA-009
,,,,,,LA-014
,,,,,,LA-005
,,,,,,LA-012
,,,,,,LA-005
,,,,,,KN-006
,,,,,,KN-010
,,,,,,LA-004
,,,,,,LA-011
,,,,,,LA-004
,,,,,,LA-007
,,,,,,LA-006
,,,,,,KN-004
,,,,,,LA-013
,,,,,,LA-014
,,,,,,LA-014
,,,,,,LA-002
,,,,,,RI-008
,,,,,,LA-004
,,,,,,LA-012
,,,,,,KN-001
,,,,,,KN-010
,,,,,,LA-009
,,,,,,LA-008
,,,,,,LA-005
,,,,,,LA-006
,,,,,,KN-001
,,,,,,KN-004
,,,,,,LA-004
,,,,,,KN-001
,,,,,,LA-005
,,,,,,LA-015
,,,,,,RI-001
,,,,,,LA-011
,,,,,,KN-004
,,,,,,LA-007
,,,,,,LA-011
,,,,,,LA-006
,,,,,,KN-004
,,,,,,KN-002
,,,,,,KN-007
,,,,,,RI-009
,,,,,,KN-001
,,,,,,KN-002
,,,,,,LA-005
,,,,,,LA-007
,,,,,,RI-006
,,,,,,LA-008
,,,,,,KN-005
,,,,,,KN-008
,,,,,,LA-003
,,,,,,KN-007
,,,,,,KN-006
,,,,,,KN-006
,,,,,,LA-012
,,,,,,LA-002
,,,,,,KN-001
,,,,,,LA-010
,,,,,,KN-003
,,,,,,KN-010
,,,,,,RI-008
,,,,,,LA-008
,,,,,,RI-002
,,,,,,LA-001
,,,,,,LA-003
,,,,,,LA-002
,,,,,,LA-010
,,,,,,KN-001
,,,,,,KN-007
,,,,,,KN-010
,,,,,,LA-005
,,,,,,LA-008
,,,,,,LA-008
,,,,,,LA-002
,,,,,,LA-014
,,,,,,LA-003
,,,,,,LA-005
,,,,,,LA-009
,,,,,,LA-003
,,,,,,LA-011
,,,,,,LA-005
,,,,,,LA-006
,,,,,,LA-002
,,,,,,LA-002
,,,,,,KN-009
,,,,,,KN-005
,,,,,,LA-001
,,,,,,LA-011
,,,,,,LA-012
,,,,,,LA-009
,,,,,,KN-007
,,,,,,KN-001
,,,,,,KN-004
,,,,,,LA-006
,,,,,,LA-007
,,,,,,LA-010
,,,,,,LA-003
,,,,,,KN-010
,,,,,,LA-005
,,,,,,LA-013
,,,,,,LA-004
,,,,,,RI-002
,,,,,,LA-005
,,,,,,LA-007
,,,,,,KN-007
,,,,,,LA-012
,,,,,,LA-004
,,,,,,LA-003
,,,,,,KN-002
,,,,,,KN-004
,,,,,,LA-002
,,,,,,LA-003
,,,,,,LA-015
,,,,,,LA-001
,,,,,,LA-003
,,,,,,LA-005
,,,,,,KN-004
,,,,,,LA-009
,,,,,,LA-012
,,,,,,RI-006
,,,,,,LA-001
,,,,,,KN-008
,,,,,,LA-007
,,,,,,KN-007
,,,,,,LA-011
,,,,,,LA-001
,,,,,,LA-006
,,,,,,LA-015
,,,,,,KN-004
,,,,,,KN-005
,,,,,,KN-003
,,,,,,KN-003
,,,,,,LA-012
,,,,,,KN-010
,,,,,,LA-005
,,,,,,LA-013
,,,,,,LA-015
,,,,,,KN-006
,,,,,,LA-001
,,,,,,LA-011
,,,,,,LA-005
,,,,,,RI-001
,,,,,,KN-010
,,,,,,LA-004
,,,,,,LA-009
,,,,,,LA-006
,,,,,,KN-002
,,,,,,KN-007
,,,,,,RI-001
,,,,,,LA-015
,,,,,,RI-005
,,,,,,LA-011
,,,,,,LA-004
,,,,,,LA-014
,,,,,,LA-012
,,,,,,LA-008
,,,,,,KN-006
,,,,,,RI-002
,,,,,,LA-015
,,,,,,KN-008
,,,,,,LA-011
,,,,,,RI-003
,,,,,,LA-013
,,,,,,RI-002
,,,,,,RI-001
,,,,,,RI-005
,,,,,,LA-008
,,,,,,KN-002
,,,,,,LA-012
,,,,,,LA-009
,,,,,,LA-014
,,,,,,LA-006
,,,,,,LA-011
,,,,,,LA-002
,,,,,,KN-003
,,,,,,KN-010
,,,,,,RI-006
,,,,,,RI-008
,,,,,,LA-008
,,,,,,RI-007
,,,,,,LA-007
,,,,,,KN-004
,,,,,,LA-004
,,,,,,LA-003
,,,,,,LA-014
,,,,,,LA-007
,,,,,,KN-001
,,,,,,LA-007
,,,,,,KN-009
,,,,,,LA-011
,,,,,,KN-008
,,,,,,RI-003
,,,,,,LA-013
,,,,,,LA-008
,,,,,,LA-013
,,,,,,KN-003
,,,,,,KN-006
,,,,,,LA-007
,,,,,,RI-001
,,,,,,RI-003
,,,,,,RI-008
,,,,,,LA-003
,,,,,,LA-013
,,,,,,LA-011
,,,,,,KN-006
,,,,,,RI-002
,,,,,,LA-015
,,,,,,LA-001
,,,,,,LA-015
,,,,,,RI-009
,,,,,,LA-005
,,,,,,KN-005
,,,,,,KN-008
,,,,,,LA-002
,,,,,,LA-008
,,,,,,LA-008
,,,,,,LA-013
,,,,,,RI-001
,,,,,,RI-007
,,,,,,KN-008
,,,,,,KN-010
,,,,,,RI-004
,,,,,,KN-004
,,,,,,KN-010
,,,,,,RI-005
,,,,,,RI-002
,,,,,,LA-009
,,,,,,LA-014
,,,,,,LA-003
,,,,,,LA-012
,,,,,,LA-006
,,,,,,LA-002
,,,,,,LA-002
,,,,,,KN-006
,,,,,,LA-015
,,,,,,LA-011
,,,,,,KN-004
,,,,,,KN-007
,,,,,,LA-006
,,,,,,LA-003
,,,,,,KN-002
,,,,,,LA-013
,,,,,,LA-003
,,,,,,LA-010
,,,,,,KN-009
,,,,,,LA-009
,,,,,,LA-008
,,,,,,KN-006
,,,,,,LA-011
,,,,,,LA-004
,,,,,,LA-014
,,,,,,LA-009
,,,,,,RI-005
,,,,,,KN-004
,,,,,,LA-011
,,,,,,LA-015
,,,,,,LA-004
,,,,,,KN-003
,,,,,,KN-002
,,,,,,LA-008
,,,,,,LA-003
,,,,,,LA-009
,,,,,,LA-007
,,,,,,LA-004
,,,,,,LA-014
,,,,,,RI-001
,,,,,,LA-012
,,,,,,KN-002
,,,,,,LA-013
,,,,,,RI-002
,,,,,,LA-009
,,,,,,LA-013
,,,,,,KN-009
,,,,,,LA-013
,,,,,,LA-013
,,,,,,LA-004
,,,,,,LA-002
,,,,,,KN-005
,,,,,,LA-014
,,,,,,KN-007
,,,,,,RI-010
,,,,,,LA-007
,,,,,,KN-010
,,,,,,LA-004
,,,,,,KN-002
,,,,,,LA-010
,,,,,,LA-009
,,,,,,LA-011
,,,,,,KN-005
,,,,,,KN-001
,,,,,,LA-011
,,,,,,LA-001
,,,,,,LA-006
,,,,,,KN-001
,,,,,,LA-011
,,,,,,LA-011
,,,,,,RI-007
,,,,,,KN-009
,,,,,,LA-009
,,,,,,KN-005
,,,,,,KN-002
,,,,,,RI-005
,,,,,,LA-011
,,,,,,LA-011
,,,,,,LA-012
,,,,,,LA-015
,,,,,,KN-004
,,,,,,LA-009
,,,,,,LA-011
,,,,,,RI-008
,,,,,,LA-001
,,,,,,LA-011
,,,,,,LA-008
,,,,,,LA-006
,,,,,,LA-008
,,,,,,KN-010
,,,,,,KN-001
,,,,,,KN-006
,,,,,,LA-001
,,,,,,LA-005
,,,,,,RI-003
,,,,,,LA-009
,,,,,,LA-006
,,,,,,LA-005
,,,,,,LA-002
,,,,,,LA-014
,,,,,,RI-006
,,,,,,RI-003
,,,,,,RI-001
,,,,,,LA-008
,,,,,,LA-003
,,,,,,LA-015
,,,,,,KN-001
,,,,,,LA-004
,,,,,,LA-010
,,,,,,LA-012
,,,,,,LA-014
,,,,,,LA-002
,,,,,,LA-003
,,,,,,LA-011
,,,,,,KN-007
,,,,,,RI-001
,,,,,,LA-002
,,,,,,LA-005
,,,,,,LA-006
,,,,,,LA-003
,,,,,,LA-012
,,,,,,LA-013
,,,,,,LA-010
,,,,,,LA-011
,,,,,,LA-004
,,,,,,RI-003
,,,,,,KN-010
,,,,,,RI-003
,,,,,,LA-005
,,,,,,LA-008
,,,,,,LA-001
,,,,,,LA-002
,,,,,,LA-010
,,,,,,KN-007
,,,,,,KN-001
,,,,,,RI-007
,,,,,,KN-008
,,,,,,KN-003
,,,,,,KN-004
,,,,,,LA-006
,,,,,,LA-008
,,,,,,KN-009
,,,,,,LA-012
,,,,,,KN-009
,,,,,,LA-006
,,,,,,LA-005
,,,,,,RI-006
,,,,,,RI-006
,,,,,,RI-004
,,,,,,RI-001
,,,,,,KN-008
,,,,,,LA-010
,,,,,,LA-008
,,,,,,LA-014
,,,,,,LA-014
,,,,,,KN-003
,,,,,,KN-002
,,,,,,LA-015
,,,,,,LA-009
,,,,,,KN-001
,,,,,,RI-002
,,,,,,LA-010
,,,,,,LA-015
,,,,,,RI-007
,,,,,,LA-002
,,,,,,KN-003
,,,,,,KN-002
,,,,,,LA-014
,,,,,,LA-014
,,,,,,LA-014
,,,,,,LA-015
,,,,,,LA-005
,,,,,,KN-001
,,,,,,LA-013
,,,,,,LA-009
,,,,,,RI-002
,,,,,,KN-010
,,,,,,KN-004
,,,,,,LA-001
,,,,,,LA-006
,,,,,,LA-003
,,,,,,KN-005
,,,,,,LA-001
,,,,,,LA-004
,,,,,,LA-005
,,,,,,LA-006
,,,,,,LA-014
,,,,,,LA-004
,,,,,,LA-013
,,,,,,RI-004
,,,,,,KN-010
,,,,,,LA-010
,,,,,,LA-010
,,,,,,LA-013
,,,,,,LA-010
,,,,,,LA-013
,,,,,,RI-009
,,,,,,LA-004
,,,,,,LA-005
,,,,,,LA-007
,,,,,,LA-009
,,,,,,LA-007
,,,,,,LA-015
,,,,,,KN-005
,,,,,,LA-015
,,,,,,LA-008
,,,,,,LA-006
,,,,,,LA-006
,,,,,,LA-001
,,,,,,LA-008
,,,,,,KN-004
,,,,,,LA-008
,,,,,,LA-011
,,,,,,LA-006
,,,,,,LA-002
,,,,,,LA-005
,,,,,,LA-012
,,,,,,LA-011
,,,,,,KN-005
,,,,,,KN-005
,,,,,,LA-006
,,,,,,LA-008
,,,,,,KN-008
,,,,,,LA-007
,,,,,,KN-003
,,,,,,LA-008
,,,,,,RI-002
,,,,,,KN-002
,,,,,,KN-007
,,,,,,KN-002
,,,,,,LA-001
,,,,,,LA-006
,,,,,,LA-006
,,,,,,KN-006
,,,,,,KN-007
,,,,,,LA-014
,,,,,,LA-003
,,,,,,LA-005
,,,,,,LA-013
,,,,,,LA-011
,,,,,,LA-004
,,,,,,LA-008
,,,,,,RI-007
,,,,,,RI-004
,,,,,,KN-006
,,,,,,LA-004
,,,,,,LA-014
,,,,,,LA-001
,,,,,,LA-004
,,,,,,RI-004
,,,,,,LA-004
,,,,,,LA-002
,,,,,,LA-013
,,,,,,KN-006
,,,,,,KN-005
,,,,,,LA-008
,,,,,,LA-004
,,,,,,LA-014
,,,,,,KN-008
,,,,,,LA-006
,,,,,,LA-008
,,,,,,KN-003
,,,,,,RI-005
,,,,,,LA-004
,,,,,,LA-003
,,,,,,LA-014
,,,,,,LA-009
,,,,,,LA-012
,,,,,,KN-006
,,,,,,KN-004
,,,,,,KN-003
,,,,,,KN-003
,,,,,,KN-010
,,,,,,LA-004
,,,,,,LA-002
,,,,,,LA-001
,,,,,,LA-003
,,,,,,KN-006
,,,,,,LA-003
,,,,,,RI-002
,,,,,,LA-006
,,,,,,LA-007
,,,,,,LA-008
,,,,,,LA-009
,,,,,,LA-010
,,,,,,KN-006
,,,,,,LA-013
,,,,,,KN-007
,,,,,,KN-006
,,,,,,LA-001
,,,,,,LA-007
,,,,,,LA-007
,,,,,,LA-008
,,,,,,LA-003
,,,,,,LA-014
,,,,,,LA-007
,,,,,,LA-004
,,,,,,KN-001
,,,,,,LA-010
,,,,,,KN-009
,,,,,,LA-001
,,,,,,LA-011
,,,,,,LA-004
,,,,,,LA-010
,,,,,,LA-007
,,,,,,LA-014
,,,,,,LA-012
,,,,,,RI-005
,,,,,,KN-005
,,,,,,KN-004
,,,,,,LA-009
,,,,,,LA-009
,,,,,,KN-007
,,,,,,KN-004
,,,,,,KN-008
,,,,,,LA-004
,,,,,,RI-001
,,,,,,KN-006
,,,,,,LA-002
,,,,,,RI-003
,,,,,,LA-011
,,,,,,RI-003
,,,,,,KN-007
,,,,,,KN-002
,,,,,,LA-009
,,,,,,LA-006
,,,,,,RI-006
,,,,,,KN-005
,,,,,,LA-014
,,,,,,LA-015
,,,,,,LA-008
,,,,,,LA-004
,,,,,,LA-015
,,,,,,LA-007
,,,,,,KN-006
,,,,,,KN-007
,,,,,,LA-004
,,,,,,LA-004
,,,,,,KN-003
,,,,,,LA-005
,,,,,,KN-001
,,,,,,LA-011
,,,,,,LA-006
,,,,,,LA-012
,,,,,,RI-005
,,,,,,LA-002
,,,,,,KN-010
,,,,,,LA-008
,,,,,,LA-014
,,,,,,KN-003
,,,,,,RI-009
,,,,,,LA-014
,,,,,,LA-007
,,,,,,LA-012
,,,,,,LA-006
,,,,,,KN-010
,,,,,,KN-001
,,,,,,KN-003
,,,,,,LA-009
,,,,,,LA-006
,,,,,,KN-001
,,,,,,LA-001
,,,,,,LA-005
,,,,,,LA-005
,,,,,,LA-008
,,,,,,LA-009
,,,,,,KN-001
,,,,,,KN-005
,,,,,,LA-003
,,,,,,LA-005
,,,,,,LA-012
,,,,,,LA-012
,,,,,,LA-003
,,,,,,LA-011
,,,,,,KN-005
,,,,,,LA-002
,,,,,,LA-004
,,,,,,LA-010
,,,,,,LA-005
,,,,,,KN-009
,,,,,,LA-006
,,,,,,LA-007
,,,,,,KN-005
,,,,,,KN-002
,,,,,,KN-007
,,,,,,LA-008
,,,,,,LA-002
,,,,,,LA-002
,,,,,,LA-011
,,,,,,LA-005
,,,,,,LA-008
,,,,,,KN-009
,,,,,,LA-005
,,,,,,KN-001
,,,,,,LA-014
,,,,,,LA-012
,,,,,,KN-001
,,,,,,RI-001
,,,,,,LA-003
,,,,,,LA-013
,,,,,,LA-012
,,,,,,LA-009
,,,,,,KN-008
,,,,,,LA-006
,,,,,,LA-011
,,,,,,KN-003
,,,,,,LA-009
,,,,,,KN-010
,,,,,,KN-004
,,,,,,LA-005
,,,,,,LA-010
,,,,,,RI-003
,,,,,,RI-001
,,,,,,LA-005
,,,,,,LA-010
,,,,,,LA-011
,,,,,,LA-005
,,,,,,LA-010
,,,,,,LA-007
,,,,,,RI-006
,,,,,,LA-014
,,,,,,KN-010
,,,,,,LA-002
,,,,,,LA-004
,,,,,,LA-005
,,,,,,LA-011
,,,,,,KN-010
,,,,,,LA-012
,,,,,,LA-002
,,,,,,RI-002
,,,,,,LA-006
,,,,,,KN-010
,,,,,,KN-003
,,,,,,KN-005
,,,,,,LA-004
,,,,,,LA-007
,,,,,,LA-008
,,,,,,KN-001
,,,,,,LA-008
,,,,,,LA-008
,,,,,,KN-009
,,,,,,LA-005
,,,,,,LA-014
,,,,,,KN-004
,,,,,,LA-010
,,,,,,RI-007
,,,,,,KN-003
,,,,,,LA-003
,,,,,,KN-003
,,,,,,KN-001
,,,,,,LA-006
,,,,,,KN-008
,,,,,,LA-002
,,,,,,LA-003
,,,,,,LA-009
,,,,,,LA-001
,,,,,,LA-008
,,,,,,LA-005
,,,,,,LA-014
,,,,,,LA-010
,,,,,,LA-006
,,,,,,LA-008
,,,,,,RI-001
,,,,,,LA-006
,,,,,,KN-001
,,,,,,LA-010
,,,,,,KN-010
,,,,,,KN-005
,,,,,,KN-005
,,,,,,KN-005
,,,,,,LA-004
,,,,,,LA-001
,,,,,,LA-008
,,,,,,RI-004
,,,,,,LA-011
,,,,,,KN-002
,,,,,,KN-007
,,,,,,LA-004
,,,,,,LA-009
,,,,,,RI-001
,,,,,,KN-003
,,,,,,LA-013
,,,,,,KN-004
,,,,,,KN-007
,,,,,,KN-007
,,,,,,LA-012
,,,,,,LA-005
,,,,,,LA-011
,,,,,,LA-005
,,,,,,LA-015
,,,,,,LA-015
,,,,,,RI-004
,,,,,,KN-010
,,,,,,KN-002
,,,,,,LA-006
,,,,,,LA-010
,,,,,,LA-012
,,,,,,KN-010
,,,,,,KN-005
,,,,,,LA-008
,,,,,,LA-009
,,,,,,KN-006
,,,,,,RI-002
,,,,,,LA-012
,,,,,,LA-013
,,,,,,LA-002
,,,,,,LA-015
,,,,,,KN-005
,,,,,,LA-009
,,,,,,KN-002
,,,,,,LA-014
,,,,,,KN-007
,,,,,,RI-002
,,,,,,KN-003
,,,,,,KN-007
,,,,,,KN-004
,,,,,,KN-008
,,,,,,KN-002
,,,,,,KN-008
,,,,,,LA-013
,,,,,,LA-005
,,,,,,LA-011
,,,,,,LA-005
,,,,,,KN-006
,,,,,,LA-008
,,,,,,LA-014
,,,,,,LA-008
,,,,,,LA-002
,,,,,,KN-003
,,,,,,KN-009
,,,,,,LA-015
,,,,,,LA-001
,,,,,,LA-001
,,,,,,KN-003
,,,,,,LA-014
,,,,,,LA-008
,,,,,,LA-011
,,,,,,LA-012
,,,,,,KN-009
,,,,,,LA-005
,,,,,,KN-006
,,,,,,LA-008
,,,,,,LA-012
,,,,,,KN-006
,,,,,,LA-001
,,,,,,LA-007
,,,,,,LA-013
,,,,,,LA-004
,,,,,,LA-003
,,,,,,KN-007
,,,,,,LA-001
,,,,,,LA-004
,,,,,,KN-002
,,,,,,LA-010
,,,,,,RI-002
,,,,,,LA-004
,,,,,,LA-008
,,,,,,KN-002
,,,,,,LA-002
,,,,,,KN-004
,,,,,,LA-014
,,,,,,KN-005
,,,,,,LA-013
,,,,,,LA-010
,,,,,,KN-006
,,,,,,LA-013
,,,,,,LA-012
,,,,,,KN-004
,,,,,,LA-011
,,,,,,LA-010
,,,,,,LA-008
,,,,,,KN-004
,,,,,,KN-005
,,,,,,LA-004
,,,,,,LA-003
,,,,,,LA-011
,,,,,,LA-003
,,,,,,KN-009
,,,,,,LA-007
,,,,,,LA-011
,,,,,,KN-007
,,,,,,LA-009
,,,,,,LA-009
,,,,,,KN-002
,,,,,,KN-009
,,,,,,LA-001
,,,,,,KN-004
,,,,,,LA-014
,,,,,,LA-007
,,,,,,LA-013
,,,,,,LA-009
,,,,,,LA-004
,,,,,,LA-007
,,,,,,LA-014
,,,,,,LA-014
,,,,,,LA-007
,,,,,,KN-008
,,,,,,LA-013
,,,,,,KN-004
,,,,,,KN-007
,,,,,,LA-007
,,,,,,KN-002
,,,,,,LA-011
,,,,,,RI-001
,,,,,,LA-004
,,,,,,LA-001
,,,,,,LA-010
,,,,,,LA-012
,,,,,,KN-005
,,,,,,LA-013
,,,,,,LA-002
,,,,,,LA-014
,,,,,,RI-001
,,,,,,LA-002
,,,,,,KN-009
,,,,,,LA-015
,,,,,,LA-010
,,,,,,LA-010
,,,,,,LA-010
,,,,,,LA-010
,,,,,,LA-012
,,,,,,LA-006
,,,,,,LA-010
,,,,,,KN-006
,,,,,,KN-004
,,,,,,LA-008
,,,,,,LA-001
,,,,,,LA-004
,,,,,,KN-006
,,,,,,LA-001
,,,,,,LA-012
,,,,,,LA-011
,,,,,,KN-008
,,,,,,LA-004
,,,,,,KN-005
,,,,,,LA-007
,,,,,,KN-004
,,,,,,LA-008
,,,,,,KN-008
,,,,,,LA-002
,,,,,,LA-003
,,,,,,LA-014
,,,,,,LA-011
,,,,,,RI-003
,,,,,,RI-002
,,,,,,KN-001
,,,,,,KN-010
,,,,,,LA-012
,,,,,,LA-012
,,,,,,RI-004
,,,,,,LA-002
,,,,,,LA-012
,,,,,,LA-009
,,,,,,RI-006
,,,,,,LA-009
,,,,,,LA-004
,,,,,,KN-006
,,,,,,KN-002
,,,,,,LA-007
,,,,,,LA-007
,,,,,,KN-007
,,,,,,LA-002
,,,,,,LA-004
,,,,,,LA-012
,,,,,,LA-011
,,,,,,KN-004
,,,,,,LA-001
,,,,,,KN-001
,,,,,,LA-015
,,,,,,LA-011
,,,,,,LA-009
,,,,,,LA-009
,,,,,,LA-015
,,,,,,LA-004
,,,,,,LA-007
,,,,,,KN-008
,,,,,,LA-002
,,,,,,LA-006
,,,,,,LA-009
,,,,,,KN-001
,,,,,,KN-003
,,,,,,LA-011
,,,,,,LA-008
,,,,,,LA-009
,,,,,,KN-002
,,,,,,LA-015
,,,,,,LA-007
,,,,,,KN-003
,,,,,,LA-003
,,,,,,KN-006
,,,,,,LA-008
,,,,,,LA-010
,,,,,,LA-015
,,,,,,LA-008
,,,,,,KN-003
,,,,,,LA-013
,,,,,,LA-008
,,,,,,LA-015
,,,,,,KN-002
,,,,,,LA-002
,,,,,,LA-006
,,,,,,KN-008
,,,,,,KN-006
,,,,,,LA-007
,,,,,,LA-002
,,,,,,KN-004
,,,,,,KN-001
,,,,,,KN-008
,,,,,,LA-004
,,,,,,LA-009
,,,,,,RI-006
,,,,,,LA-013
,,,,,,LA-008
,,,,,,KN-002
,,,,,,KN-009
,,,,,,LA-005
,,,,,,KN-003
,,,,,,KN-006
,,,,,,LA-010
,,,,,,LA-007
,,,,,,KN-008
,,,,,,LA-011
,,,,,,LA-009
,,,,,,LA-009
,,,,,,LA-011
,,,,,,LA-001
,,,,,,KN-006
,,,,,,LA-015
,,,,,,LA-008
,,,,,,LA-006
,,,,,,KN-004
,,,,,,LA-003
,,,,,,LA-006
,,,,,,KN-006
,,,,,,LA-011
,,,,,,KN-008
,,,,,,LA-012
,,,,,,KN-001
,,,,,,LA-011
,,,,,,LA-001
,,,,,,LA-007
,,,,,,LA-012
,,,,,,LA-013
,,,,,,LA-007
,,,,,,LA-012
,,,,,,KN-006
,,,,,,KN-010
,,,,,,LA-003
,,,,,,LA-001
,,,,,,KN-002
,,,,,,KN-010
,,,,,,LA-015
,,,,,,LA-001
,,,,,,LA-003
,,,,,,LA-004
,,,,,,LA-012
,,,,,,LA-008
,,,,,,LA-010
,,,,,,LA-008
,,,,,,LA-012
,,,,,,LA-010
,,,,,,KN-010
,,,,,,LA-013
,,,,,,KN-010
,,,,,,LA-004
,,,,,,LA-006
,,,,,,LA-015
,,,,,,KN-008
,,,,,,LA-008
,,,,,,LA-010
,,,,,,LA-011
,,,,,,LA-014
,,,,,,LA-014
,,,,,,LA-014
,,,,,,LA-014
,,,,,,LA-004
,,,,,,LA-009
,,,,,,LA-005
,,,,,,KN-010
,,,,,,KN-004
,,,,,,LA-011
,,,,,,LA-002
,,,,,,KN-002
,,,,,,LA-010
,,,,,,KN-006
,,,,,,LA-009
,,,,,,LA-003
,,,,,,KN-006
,,,,,,LA-013
,,,,,,KN-009
,,,,,,LA-001
,,,,,,KN-005
,,,,,,LA-003
,,,,,,KN-005
,,,,,,LA-005
,,,,,,KN-004
,,,,,,LA-011
,,,,,,LA-014
,,,,,,LA-006
,,,,,,LA-006
,,,,,,KN-007
,,,,,,LA-015
,,,,,,KN-005
,,,,,,KN-002
,,,,,,LA-014
,,,,,,LA-004
,,,,,,LA-006
,,,,,,LA-014
,,,,,,LA-010
,,,,,,LA-015
,,,,,,LA-004
,,,,,,LA-003
,,,,,,KN-004
,,,,,,LA-008
,,,,,,LA-012
,,,,,,LA-012
,,,,,,LA-010
,,,,,,LA-011
,,,,,,LA-004
,,,,,,LA-001
,,,,,,RI-001
,,,,,,LA-011
,,,,,,KN-001
,,,,,,KN-007
,,,,,,LA-012
,,,,,,LA-014
,,,,,,LA-011
,,,,,,LA-004
,,,,,,LA-007
,,,,,,KN-004
,,,,,,LA-003
,,,,,,LA-004
,,,,,,LA-004
,,,,,,KN-005
,,,,,,LA-014
,,,,,,LA-010
,,,,,,LA-013
,,,,,,KN-005
,,,,,,LA-006
,,,,,,LA-006
,,,,,,LA-013
,,,,,,LA-012
,,,,,,RI-001
,,,,,,LA-015
,,,,,,LA-002
,,,,,,LA-006
,,,,,,LA-010
,,,,,,LA-002
,,,,,,LA-005
,,,,,,LA-012
,,,,,,LA-005
,,,,,,KN-009
,,,,,,KN-006
,,,,,,LA-015
,,,,,,LA-006
,,,,,,LA-006
,,,,,,RI-002
,,,,,,KN-007
,,,,,,LA-009
,,,,,,KN-004
,,,,,,LA-015
,,,,,,LA-015
,,,,,,LA-014
,,,,,,LA-006
,,,,,,LA-013
,,,,,,LA-014
,,,,,,KN-004
,,,,,,KN-006
,,,,,,KN-002
,,,,,,KN-008
,,,,,,LA-010
,,,,,,LA-010
,,,,,,LA-003
,,,,,,KN-004
,,,,,,KN-008
,,,,,,LA-005
,,,,,,LA-004
,,,,,,LA-001
,,,,,,LA-014
,,,,,,RI-001
,,,,,,LA-005
,,,,,,LA-002
,,,,,,LA-015
,,,,,,LA-004
,,,,,,LA-011
,,,,,,KN-005
,,,,,,KN-001
,,,,,,KN-005
,,,,,,LA-011
,,,,,,LA-006
,,,,,,LA-005
,,,,,,LA-012
,,,,,,LA-010
,,,,,,LA-004
,,,,,,LA-009
,,,,,,LA-005
,,,,,,RI-003
,,,,,,LA-015
,,,,,,KN-010
,,,,,,KN-003
,,,,,,KN-005
,,,,,,RI-002
,,,,,,RI-004
,,,,,,KN-002
,,,,,,KN-004
,,,,,,LA-012
,,,,,,KN-007
,,,,,,LA-006
,,,,,,LA-004
,,,,,,LA-011
,,,,,,RI-002
,,,,,,LA-004
,,,,,,KN-006
,,,,,,KN-002
,,,,,,LA-004
,,,,,,LA-008
,,,,,,LA-009
,,,,,,LA-002
,,,,,,KN-002
,,,,,,LA-001
,,,,,,LA-011
,,,,,,LA-003
,,,,,,LA-014
,,,,,,LA-002
,,,,,,LA-004
,,,,,,LA-014
,,,,,,LA-008
,,,,,,LA-012
,,,,,,LA-010
,,,,,,LA-003
,,,,,,LA-009
,,,,,,LA-009
,,,,,,KN-008
,,,,,,LA-002
,,,,,,LA-004
,,,,,,LA-003
,,,,,,LA-011
,,,,,,KN-002
,,,,,,KN-005
,,,,,,LA-005
,,,,,,KN-009
,,,,,,LA-003
,,,,,,KN-006
,,,,,,KN-005
,,,,,,LA-001
,,,,,,KN-009
,,,,,,LA-007
,,,,,,LA-002
,,,,,,LA-011
,,,,,,KN-001
,,,,,,KN-001
,,,,,,LA-011
,,,,,,LA-004
,,,,,,LA-009
,,,,,,LA-005
,,,,,,LA-005
,,,,,,LA-011
,,,,,,LA-009
,,,,,,LA-012
,,,,,,KN-002
,,,,,,KN-006
,,,,,,LA-008
,,,,,,LA-003
,,,,,,KN-004
,,,,,,LA-007
,,,,,,LA-002
,,,,,,RI-001
,,,,,,LA-001
,,,,,,LA-002
,,,,,,KN-008
,,,,,,LA-015
,,,,,,KN-008
,,,,,,KN-001
,,,,,,LA-005
,,,,,,LA-012
,,,,,,LA-014
,,,,,,KN-008
,,,,,,KN-009
,,,,,,KN-009
,,,,,,LA-012
,,,,,,LA-007
,,,,,,LA-013
,,,,,,LA-001
,,,,,,LA-003
,,,,,,LA-009
,,,,,,KN-003
,,,,,,KN-005
,,,,,,LA-015
,,,,,,KN-006
,,,,,,LA-011
,,,,,,LA-005
,,,,,,LA-005
,,,,,,KN-001
,,,,,,LA-011
,,,,,,LA-009
,,,,,,KN-009
,,,,,,LA-012
,,,,,,LA-010
,,,,,,RI-003
,,,,,,LA-001
,,,,,,LA-009
,,,,,,LA-008
,,,,,,LA-002
,,,,,,KN-002
,,,,,,LA-012
,,,,,,LA-015
,,,,,,KN-006
,,,,,,LA-004
,,,,,,LA-011
,,,,,,KN-004
,,,,,,KN-009
,,,,,,LA-008
,,,,,,LA-002
,,,,,,KN-001
,,,,,,LA-012
,,,,,,LA-005
,,,,,,LA-005
,,,,,,KN-007
,,,,,,LA-011
,,,,,,LA-013
,,,,,,KN-008
,,,,,,LA-015
,,,,,,KN-003
,,,,,,LA-003
,,,,,,LA-013
,,,,,,LA-002
,,,,,,KN-008
,,,,,,LA-003
,,,,,,LA-009
,,,,,,LA-003
,,,,,,KN-001
,,,,,,LA-013
,,,,,,LA-003
,,,,,,LA-003
,,,,,,LA-001
,,,,,,LA-010
,,,,,,LA-013
,,,,,,KN-005
,,,,,,KN-006
,,,,,,KN-001
,,,,,,LA-001
,,,,,,LA-015
,,,,,,LA-014
,,,,,,LA-011
,,,,,,KN-004
,,,,,,LA-008
,,,,,,LA-004
,,,,,,LA-010
,,,,,,LA-001
,,,,,,LA-013
,,,,,,RI-001
,,,,,,LA-006
,,,,,,LA-010
,,,,,,LA-013
,,,,,,KN-003
,,,,,,LA-006
,,,,,,KN-004
,,,,,,LA-012
,,,,,,LA-006
,,,,,,LA-015
,,,,,,LA-014
,,,,,,LA-002
,,,,,,LA-001
,,,,,,LA-009
,,,,,,LA-005
,,,,,,LA-006
,,,,,,LA-012
,,,,,,LA-006
,,,,,,KN-007
,,,,,,LA-005
,,,,,,LA-013
,,,,,,KN-006
,,,,,,LA-013
,,,,,,LA-002
,,,,,,LA-012
,,,,,,KN-007
,,,,,,LA-005
,,,,,,LA-003
,,,,,,LA-007
,,,,,,LA-006
,,,,,,LA-013
,,,,,,KN-002
,,,,,,LA-010
,,,,,,LA-015
,,,,,,LA-003
,,,,,,LA-003
,,,,,,LA-011
,,,,,,KN-008
,,,,,,LA-004
,,,,,,KN-003
,,,,,,LA-002
,,,,,,KN-003
,,,,,,LA-006
,,,,,,KN-002
,,,,,,LA-007
,,,,,,LA-014
,,,,,,KN-003
,,,,,,KN-006
,,,,,,LA-005
,,,,,,LA-014
,,,,,,KN-004
,,,,,,LA-009
,,,,,,KN-005
,,,,,,LA-010
,,,,,,LA-004
,,,,,,LA-007
,,,,,,LA-014
,,,,,,KN-009
,,,,,,LA-007
,,,,,,LA-014
,,,,,,LA-005
,,,,,,LA-015
,,,,,,LA-006
,,,,,,LA-014
,,,,,,LA-015
,,,,,,LA-012
,,,,,,KN-003
,,,,,,KN-001
,,,,,,LA-009
,,,,,,LA-002
,,,,,,KN-005
,,,,,,LA-005
,,,,,,LA-005
,,,,,,LA-005
,,,,,,LA-015
,,,,,,LA-006
,,,,,,LA-015
,,,,,,LA-015
,,,,,,LA-008
,,,,,,LA-013
,,,,,,LA-013
,,,,,,LA-006
,,,,,,LA-004
,,,,,,LA-009
,,,,,,LA-003
,,,,,,KN-009
,,,,,,LA-011
,,,,,,KN-005
,,,,,,LA-010
,,,,,,LA-005
,,,,,,LA-004
,,,,,,LA-010
,,,,,,LA-010
,,,,,,LA-011
,,,,,,LA-007
,,,,,,LA-002
,,,,,,LA-012
,,,,,,LA-010
,,,,,,LA-012
,,,,,,KN-009
,,,,,,LA-015
,,,,,,LA-002
,,,,,,LA-010
,,,,,,LA-003
,,,,,,LA-001
,,,,,,LA-007
,,,,,,LA-011
,,,,,,KN-003
,,,,,,LA-014
,,,,,,LA-013
,,,,,,RI-001
,,,,,,KN-007
,,,,,,KN-006
,,,,,,KN-010
,,,,,,KN-007
,,,,,,LA-001
,,,,,,LA-010
,,,,,,LA-014
,,,,,,LA-001
,,,,,,LA-014
,,,,,,LA-015
,,,,,,KN-003
,,,,,,LA-015
,,,,,,LA-007
,,,,,,LA-015
,,,,,,KN-006
,,,,,,KN-003
,,,,,,RI-002
,,,,,,LA-009
,,,,,,LA-004
,,,,,,LA-009
,,,,,,KN-008
,,,,,,LA-002
,,,,,,LA-006
,,,,,,KN-009
,,,,,,LA-013
,,,,,,KN-005
,,,,,,LA-007
,,,,,,LA-010
,,,,,,LA-011
,,,,,,KN-004
,,,,,,LA-008
,,,,,,LA-004
,,,,,,LA-004
,,,,,,LA-009
,,,,,,LA-015
,,,,,,LA-004
,,,,,,LA-002
,,,,,,LA-008
,,,,,,LA-001
,,,,,,LA-003
,,,,,,LA-004
,,,,,,KN-003
,,,,,,KN-004
,,,,,,KN-003
,,,,,,LA-003
,,,,,,LA-001
,,,,,,LA-015
,,,,,,LA-015
,,,,,,KN-006
,,,,,,LA-008
,,,,,,KN-010
,,,,,,KN-009
,,,,,,KN-005
,,,,,,LA-004
,,,,,,LA-002
,,,,,,LA-011
,,,,,,LA-004
,,,,,,LA-004
,,,,,,LA-003
,,,,,,LA-012
,,,,,,LA-011
,,,,,,LA-003
,,,,,,LA-015
,,,,,,LA-007
,,,,,,LA-008
,,,,,,KN-008
,,,,,,LA-010
,,,,,,LA-014
,,,,,,LA-012
,,,,,,KN-004
,,,,,,RI-001
,,,,,,LA-002
,,,,,,LA-015
,,,,,,LA-010
,,,,,,KN-004
,,,,,,LA-011
,,,,,,LA-009
,,,,,,LA-009
,,,,,,LA-009
,,,,,,KN-006
,,,,,,KN-006
,,,,,,LA-006
,,,,,,LA-001
,,,,,,LA-007
,,,,,,KN-006
,,,,,,LA-003
,,,,,,LA-001
,,,,,,LA-010
,,,,,,LA-002
,,,,,,LA-006
,,,,,,LA-002
,,,,,,KN-008
,,,,,,KN-008
,,,,,,LA-003
,,,,,,LA-010
,,,,,,KN-002
,,,,,,LA-012
,,,,,,LA-004
,,,,,,KN-006
,,,,,,LA-012
,,,,,,LA-009
,,,,,,LA-005
,,,,,,LA-003
,,,,,,LA-008
,,,,,,KN-009
,,,,,,LA-010
,,,,,,LA-011
,,,,,,KN-005
,,,,,,LA-009
,,,,,,LA-006
,,,,,,KN-006
,,,,,,LA-001
,,,,,,KN-002
,,,,,,LA-008
,,,,,,LA-008
,,,,,,LA-014
,,,,,,LA-002
,,,,,,KN-002
,,,,,,LA-013
,,,,,,LA-004
,,,,,,LA-011
,,,,,,KN-003
,,,,,,LA-011
,,,,,,LA-005
,,,,,,LA-014
,,,,,,LA-009
,,,,,,LA-008
,,,,,,LA-003
,,,,,,KN-007
,,,,,,KN-004
,,,,,,KN-007
,,,,,,LA-002
,,,,,,LA-006
,,,,,,LA-009
,,,,,,KN-003
,,,,,,KN-007
,,,,,,LA-012
,,,,,,KN-009
,,,,,,LA-009
,,,,,,LA-013
,,,,,,KN-002
,,,,,,LA-003
,,,,,,LA-008
,,,,,,LA-012
,,,,,,LA-014
,,,,,,KN-001
,,,,,,LA-014
,,,,,,LA-014
,,,,,,LA-002
,,,,,,LA-003
,,,,,,LA-007
,,,,,,LA-007
,,,,,,KN-005
,,,,,,LA-010
,,,,,,LA-006
,,,,,,KN-002
,,,,,,LA-005
,,,,,,LA-014
,,,,,,LA-004
,,,,,,LA-008
,,,,,,LA-010
,,,,,,KN-008
,,,,,,KN-007
,,,,,,LA-007
,,,,,,LA-015
,,,,,,LA-001
,,,,,,KN-002
,,,,,,LA-003
,,,,,,KN-005
,,,,,,LA-015
,,,,,,LA-004
,,,,,,LA-008
,,,,,,KN-005
,,,,,,LA-014
,,,,,,KN-007
,,,,,,KN-005
,,,,,,LA-010
,,,,,,LA-003
,,,,,,LA-006
,,,,,,LA-008
,,,,,,LA-005
,,,,,,LA-004
,,,,,,LA-014
,,,,,,LA-002
,,,,,,KN-006
,,,,,,LA-003
,,,,,,LA-004
,,,,,,KN-006
,,,,,,LA-014
,,,,,,KN-009
,,,,,,LA-008
,,,,,,LA-009
,,,,,,LA-002
,,,,,,KN-005
,,,,,,LA-006
,,,,,,LA-007
,,,,,,LA-012
,,,,,,LA-013
,,,,,,KN-010
,,,,,,LA-005
,,,,,,LA-004
,,,,,,LA-010
,,,,,,LA-002
,,,,,,KN-005
,,,,,,LA-004
,,,,,,LA-009
,,,,,,LA-008
,,,,,,KN-003
,,,,,,KN-006
,,,,,,KN-009
,,,,,,KN-006
,,,,,,LA-007
,,,,,,LA-015
,,,,,,KN-002
,,,,,,LA-008
,,,,,,LA-013
,,,,,,KN-010
,,,,,,KN-002
,,,,,,KN-002
,,,,,,LA-006
,,,,,,LA-001
,,,,,,LA-008
,,,,,,LA-013
,,,,,,LA-001
,,,,,,LA-006
,,,,,,LA-014
,,,,,,LA-014
,,,,,,LA-015
,,,,,,LA-013
,,,,,,KN-004
,,,,,,LA-015
,,,,,,KN-005
,,,,,,LA-014
,,,,,,LA-015
,,,,,,KN-002
,,,,,,LA-007
,,,,,,LA-003
,,,,,,LA-010
,,,,,,KN-010
,,,,,,LA-014
,,,,,,LA-008
,,,,,,LA-001
,,,,,,LA-001
,,,,,,LA-010
,,,,,,LA-014
,,,,,,LA-005
,,,,,,LA-006
,,,,,,LA-005
,,,,,,LA-012
,,,,,,LA-009
,,,,,,KN-004
,,,,,,LA-003
,,,,,,LA-012
,,,,,,LA-013
,,,,,,LA-007
,,,,,,KN-006
,,,,,,KN-007
,,,,,,LA-012
,,,,,,LA-002
,,,,,,KN-002
,,,,,,LA-008
,,,,,,LA-001
,,,,,,LA-011
,,,,,,KN-002
,,,,,,LA-011
,,,,,,LA-011
,,,,,,KN-010
,,,,,,LA-004
,,,,,,LA-011
,,,,,,KN-008
,,,,,,KN-006
,,,,,,LA-010
,,,,,,LA-014
,,,,,,LA-012
,,,,,,LA-002
,,,,,,LA-015
,,,,,,LA-015
,,,,,,LA-003
,,,,,,KN-004
,,,,,,LA-005
,,,,,,KN-002
,,,,,,LA-005
,,,,,,LA-005
,,,,,,LA-004
,,,,,,KN-004
,,,,,,KN-007
,,,,,,KN-006
,,,,,,LA-001
,,,,,,LA-012
,,,,,,LA-005
,,,,,,KN-004
,,,,,,KN-005
,,,,,,LA-001
,,,,,,LA-012
,,,,,,KN-002
,,,,,,LA-008
,,,,,,LA-014
,,,,,,LA-010
,,,,,,KN-006
,,,,,,KN-002
,,,,,,LA-014
,,,,,,LA-006
,,,,,,LA-010
,,,,,,LA-004
,,,,,,LA-011
,,,,,,KN-004
,,,,,,LA-013
,,,,,,LA-007
,,,,,,LA-013
,,,,,,KN-006
,,,,,,KN-004
,,,,,,LA-003
,,,,,,LA-008
,,,,,,LA-007
,,,,,,LA-005
,,,,,,LA-010
,,,,,,LA-011
,,,,,,LA-014
,,,,,,KN-008
,,,,,,LA-005
,,,,,,LA-002
,,,,,,LA-005
,,,,,,LA-004
,,,,,,LA-003
,,,,,,KN-002
,,,,,,LA-009
,,,,,,LA-004
,,,,,,LA-007
,,,,,,LA-013
,,,,,,KN-007
,,,,,,LA-012
,,,,,,LA-005
,,,,,,LA-014
,,,,,,LA-004
,,,,,,KN-010
,,,,,,LA-009
,,,,,,LA-012
,,,,,,KN-001
,,,,,,KN-003
,,,,,,LA-013
,,,,,,LA-010
,,,,,,LA-007
,,,,,,LA-012
,,,,,,KN-008
,,,,,,LA-006
,,,,,,LA-004
,,,,,,LA-011
,,,,,,LA-007
,,,,,,KN-003
,,,,,,LA-002
,,,,,,LA-013
,,,,,,LA-014
,,,,,,KN-002
,,,,,,LA-004
,,,,,,LA-009
,,,,,,LA-015
,,,,,,LA-014
,,,,,,KN-008
,,,,,,KN-003
,,,,,,LA-012
,,,,,,LA-004
,,,,,,LA-009
,,,,,,KN-003
,,,,,,KN-004
,,,,,,LA-015
,,,,,,LA-011
,,,,,,LA-011
,,,,,,LA-004
,,,,,,LA-010
,,,,,,LA-003
,,,,,,LA-006
,,,,,,LA-007
,,,,,,KN-002
,,,,,,LA-015
,,,,,,LA-014
,,,,,,LA-014
,,,,,,LA-006
,,,,,,LA-001
,,,,,,LA-001
,,,,,,LA-002
,,,,,,LA-014
,,,,,,LA-009
,,,,,,LA-006
,,,,,,LA-011
,,,,,,LA-015
,,,,,,LA-008
,,,,,,LA-010
,,,,,,KN-007
,,,,,,LA-011
,,,,,,LA-010
,,,,,,LA-007
,,,,,,LA-005
,,,,,,LA-010
,,,,,,KN-002
,,,,,,LA-008
,,,,,,KN-004
,,,,,,LA-012
,,,,,,LA-004
,,,,,,LA-006
,,,,,,LA-009
,,,,,,KN-008
,,,,,,LA-004
,,,,,,KN-001
,,,,,,LA-006
,,,,,,KN-001
,,,,,,KN-005
,,,,,,LA-003
,,,,,,KN-003
,,,,,,LA-005
,,,,,,LA-001
,,,,,,KN-001
,,,,,,LA-015
,,,,,,LA-006
,,,,,,LA-013
,,,,,,LA-001
,,,,,,KN-009
,,,,,,KN-006
,,,,,,LA-010
,,,,,,LA-009
,,,,,,LA-007
,,,,,,LA-015
,,,,,,KN-003
,,,,,,KN-004
,,,,,,LA-001
,,,,,,LA-008
,,,,,,LA-013
,,,,,,LA-015
,,,,,,LA-008
,,,,,,LA-010
,,,,,,LA-007
,,,,,,LA-014
,,,,,,KN-004
,,,,,,LA-005
,,,,,,LA-007
,,,,,,LA-010
,,,,,,KN-008
,,,,,,LA-005
,,,,,,LA-001
,,,,,,LA-008
,,,,,,LA-012
,,,,,,LA-009
,,,,,,LA-003
,,,,,,LA-007
,,,,,,LA-009
,,,,,,LA-013
,,,,,,KN-005
,,,,,,LA-003
,,,,,,KN-004
,,,,,,LA-007
,,,,,,LA-014
,,,,,,KN-005
,,,,,,LA-015
,,,,,,LA-014
,,,,,,LA-015
,,,,,,LA-001
,,,,,,LA-012
,,,,,,LA-005
,,,,,,KN-001
,,,,,,KN-004
,,,,,,LA-003
,,,,,,LA-002
,,,,,,KN-004
,,,,,,LA-015
,,,,,,LA-003
,,,,,,KN-006
,,,,,,LA-002
,,,,,,LA-007
,,,,,,LA-010
,,,,,,LA-011
,,,,,,LA-012
,,,,,,LA-008
,,,,,,KN-009
,,,,,,LA-011
,,,,,,LA-006
,,,,,,LA-004
,,,,,,LA-008
,,,,,,KN-002
,,,,,,KN-005
,,,,,,LA-001
,,,,,,KN-002
,,,,,,LA-002
,,,,,,LA-001
,,,,,,LA-011
,,,,,,KN-002
,,,,,,LA-013
,,,,,,KN-010
,,,,,,LA-011
,,,,,,LA-005
,,,,,,LA-008
,,,,,,LA-010
,,,,,,LA-003
,,,,,,LA-007
,,,,,,LA-014
,,,,,,LA-005
,,,,,,KN-005
,,,,,,LA-001
,,,,,,LA-005
,,,,,,KN-003
,,,,,,LA-014
,,,,,,LA-010
,,,,,,LA-009
,,,,,,LA-007
,,,,,,LA-009
,,,,,,LA-002
,,,,,,LA-010
,,,,,,LA-003
,,,,,,LA-006
,,,,,,LA-014
,,,,,,LA-015
,,,,,,KN-010
,,,,,,LA-010
,,,,,,LA-006
,,,,,,LA-007
,,,,,,KN-002
,,,,,,KN-001
,,,,,,KN-009
,,,,,,LA-010
,,,,,,LA-010
,,,,,,LA-009
,,,,,,LA-008
,,,,,,LA-002
,,,,,,LA-014
,,,,,,KN-002
,,,,,,LA-003
,,,,,,LA-009
,,,,,,LA-007
,,,,,,LA-014
,,,,,,LA-003
,,,,,,LA-003
,,,,,,LA-014
,,,,,,KN-008
,,,,,,LA-004
,,,,,,LA-014
,,,,,,LA-005
,,,,,,LA-005
,,,,,,KN-001
,,,,,,LA-003
,,,,,,LA-009
,,,,,,LA-008
,,,,,,LA-006
,,,,,,LA-012
,,,,,,LA-007
,,,,,,LA-002
,,,,,,LA-006
,,,,,,LA-001
,,,,,,LA-002
,,,,,,KN-007
,,,,,,KN-006
,,,,,,LA-006
,,,,,,KN-006
,,,,,,KN-003
,,,,,,LA-002
,,,,,,LA-013
,,,,,,LA-003
,,,,,,KN-005
,,,,,,KN-003
,,,,,,LA-006
,,,,,,LA-007
,,,,,,LA-009
,,,,,,KN-001
,,,,,,LA-014
,,,,,,LA-015
,,,,,,LA-003
,,,,,,LA-001
,,,,,,KN-007
,,,,,,LA-001
,,,,,,LA-010
,,,,,,LA-012
,,,,,,LA-006
,,,,,,LA-010
,,,,,,LA-004
,,,,,,LA-003
,,,,,,KN-002
,,,,,,KN-004
,,,,,,LA-002
,,,,,,LA-004
,,,,,,LA-005
,,,,,,KN-001
,,,,,,LA-001
,,,,,,LA-011
,,,,,,LA-002
,,,,,,LA-007
,,,,,,LA-003
,,,,,,LA-005
,,,,,,LA-003
,,,,,,LA-013
,,,,,,LA-014
,,,,,,KN-004
,,,,,,LA-004
,,,,,,LA-013
,,,,,,LA-013
,,,,,,LA-014
,,,,,,LA-005
,,,,,,LA-005
,,,,,,LA-013
,,,,,,LA-008
,,,,,,KN-002
,,,,,,LA-001
,,,,,,LA-004
,,,,,,KN-004
,,,,,,LA-011
,,,,,,LA-005
,,,,,,LA-001
,,,,,,KN-001
,,,,,,LA-010
,,,,,,LA-002
,,,,,,KN-009
,,,,,,LA-009
,,,,,,LA-004
,,,,,,KN-001
,,,,,,LA-013
,,,,,,LA-003
,,,,,,KN-006
,,,,,,LA-010
,,,,,,LA-006
,,,,,,KN-005
,,,,,,LA-014
,,,,,,KN-004
,,,,,,LA-002
,,,,,,LA-003
,,,,,,LA-011
,,,,,,LA-014
,,,,,,LA-005
,,,,,,LA-015
,,,,,,LA-011
,,,,,,LA-003
,,,,,,LA-011
,,,,,,LA-010
,,,,,,KN-004
,,,,,,KN-003
,,,,,,KN-005
,,,,,,LA-001
,,,,,,LA-006
,,,,,,LA-004
,,,,,,LA-015
,,,,,,LA-010
,,,,,,KN-002
,,,,,,LA-010
,,,,,,LA-009
,,,,,,LA-010
,,,,,,LA-009
,,,,,,LA-006
,,,,,,LA-011
,,,,,,LA-011
,,,,,,LA-002
,,,,,,LA-011
,,,,,,LA-010
,,,,,,LA-014
,,,,,,LA-009
,,,,,,LA-008
,,,,,,LA-012
,,,,,,KN-005
,,,,,,LA-015
,,,,,,LA-003
,,,,,,KN-001
,,,,,,LA-007
,,,,,,LA-006
,,,,,,KN-004
,,,,,,LA-011
,,,,,,LA-011
,,,,,,LA-001
,,,,,,KN-002
,,,,,,KN-007
,,,,,,LA-001
,,,,,,LA-013
,,,,,,LA-005
,,,,,,LA-003
,,,,,,LA-003
,,,,,,LA-015
,,,,,,KN-001
,,,,,,LA-006
,,,,,,LA-001
,,,,,,LA-015
,,,,,,LA-010
,,,,,,KN-003
,,,,,,LA-006
,,,,,,LA-008
,,,,,,LA-011
,,,,,,LA-008
,,,,,,LA-011
,,,,,,LA-013
,,,,,,LA-001
,,,,,,LA-001
,,,,,,LA-004
,,,,,,LA-006
,,,,,,LA-001
,,,,,,LA-014
,,,,,,KN-002
,,,,,,LA-004
,,,,,,LA-005
,,,,,,KN-003
,,,,,,LA-003
,,,,,,LA-001
,,,,,,LA-012
,,,,,,LA-002
,,,,,,LA-004
,,,,,,LA-014
,,,,,,LA-013
,,,,,,LA-001
,,,,,,LA-001
,,,,,,LA-005
,,,,,,LA-005
,,,,,,LA-012
,,,,,,LA-003
,,,,,,LA-001
,,,,,,KN-005
,,,,,,LA-004
,,,,,,LA-015
,,,,,,LA-006
,,,,,,KN-002
,,,,,,LA-006
,,,,,,LA-013
,,,,,,LA-009
,,,,,,LA-003
,,,,,,LA-001
,,,,,,LA-008
,,,,,,LA-002
,,,,,,LA-001
,,,,,,LA-008
,,,,,,LA-006
,,,,,,LA-002
,,,,,,LA-001
,,,,,,KN-006
,,,,,,KN-002
,,,,,,LA-014
,,,,,,LA-008
,,,,,,LA-006
,,,,,,LA-015
,,,,,,LA-001
,,,,,,LA-001
,,,,,,LA-007
,,,,,,LA-010
,,,,,,LA-005
,,,,,,KN-006
,,,,,,LA-007
,,,,,,LA-004
,,,,,,LA-007
,,,,,,LA-004
,,,,,,LA-001
,,,,,,LA-011
,,,,,,KN-004
,,,,,,LA-009
,,,,,,LA-012
,,,,,,KN-002
,,,,,,LA-015
,,,,,,LA-011
,,,,,,LA-007
,,,,,,LA-001
,,,,,,LA-002
,,,,,,KN-002
,,,,,,KN-005
,,,,,,LA-011
,,,,,,LA-008
,,,,,,KN-006
,,,,,,LA-007
,,,,,,LA-002
,,,,,,LA-011
,,,,,,LA-004
,,,,,,LA-006
,,,,,,LA-013
,,,,,,KN-001
,,,,,,KN-002
,,,,,,LA-015
,,,,,,LA-013
,,,,,,KN-007
,,,,,,LA-007
,,,,,,LA-002
,,,,,,LA-013
,,,,,,KN-002
,,,,,,KN-001
,,,,,,LA-003
,,,,,,LA-014
,,,,,,LA-009
,,,,,,LA-012
,,,,,,LA-010
,,,,,,LA-005
,,,,,,KN-005
,,,,,,LA-003
,,,,,,KN-001
,,,,,,LA-005
,,,,,,LA-005
,,,,,,LA-002
,,,,,,LA-008
,,,,,,LA-005
,,,,,,LA-007
,,,,,,LA-010
,,,,,,LA-008
,,,,,,LA-003
,,,,,,LA-010
,,,,,,LA-011
,,,,,,LA-012
,,,,,,LA-015
,,,,,,LA-012
,,,,,,LA-003
,,,,,,KN-004
,,,,,,LA-011
,,,,,,LA-013
,,,,,,LA-004
,,,,,,LA-010
,,,,,,LA-010
,,,,,,LA-007
,,,,,,LA-004
,,,,,,LA-009
,,,,,,LA-005
,,,,,,LA-009
,,,,,,LA-001
,,,,,,LA-001
,,,,,,LA-009
,,,,,,LA-009
,,,,,,LA-007
,,,,,,LA-004
,,,,,,LA-007
,,,,,,LA-014
,,,,,,KN-001
,,,,,,LA-011
,,,,,,LA-001
,,,,,,LA-009
,,,,,,LA-012
,,,,,,LA-014
,,,,,,LA-013
,,,,,,LA-014
,,,,,,LA-004
,,,,,,LA-007
,,,,,,LA-009
,,,,,,LA-007
,,,,,,LA-003
,,,,,,LA-012
,,,,,,LA-004
,,,,,,LA-015
,,,,,,LA-001
,,,,,,LA-007
,,,,,,LA-005
,,,,,,LA-014
,,,,,,LA-013
,,,,,,KN-002
,,,,,,LA-005
,,,,,,KN-005
,,,,,,LA-011
,,,,,,LA-011
,,,,,,KN-002
,,,,,,LA-009
,,,,,,KN-005
,,,,,,LA-012
,,,,,,LA-013
,,,,,,LA-012
,,,,,,LA-004
,,,,,,LA-006
,,,,,,LA-011
,,,,,,LA-004
,,,,,,LA-011
,,,,,,KN-003
,,,,,,LA-011
,,,,,,LA-005
,,,,,,LA-002
,,,,,,LA-006
,,,,,,LA-012
,,,,,,LA-006
,,,,,,LA-012
,,,,,,LA-007
,,,,,,LA-007
,,,,,,LA-002
,,,,,,LA-008
,,,,,,LA-007
,,,,,,LA-009
,,,,,,LA-006
,,,,,,LA-013
,,,,,,LA-011
,,,,,,LA-014
,,,,,,LA-011
,,,,,,LA-013
,,,,,,LA-002
,,,,,,LA-002
,,,,,,LA-007
,,,,,,LA-012
,,,,,,LA-002
,,,,,,LA-001
,,,,,,LA-005
,,,,,,LA-010
,,,,,,LA-011
,,,,,,LA-010
,,,,,,LA-009
,,,,,,LA-010
,,,,,,KN-003
,,,,,,LA-011
,,,,,,LA-011
,,,,,,LA-004
,,,,,,KN-005
,,,,,,LA-012
,,,,,,LA-001
,,,,,,LA-003
,,,,,,LA-004
,,,,,,LA-004
,,,,,,KN-001
,,,,,,LA-002
,,,,,,LA-009
,,,,,,LA-015
,,,,,,KN-003
,,,,,,LA-005
,,,,,,LA-004
,,,,,,LA-014
,,,,,,KN-001
,,,,,,LA-003
,,,,,,LA-008
,,,,,,KN-002
,,,,,,LA-008
,,,,,,LA-002
,,,,,,LA-008
,,,,,,LA-003
,,,,,,LA-013
,,,,,,LA-004
,,,,,,LA-007
,,,,,,LA-011
,,,,,,LA-006
,,,,,,LA-001
,,,,,,LA-004
,,,,,,LA-010
,,,,,,LA-008
,,,,,,LA-003
,,,,,,LA-003
,,,,,,KN-001
,,,,,,LA-010
,,,,,,LA-012
,,,,,,LA-006
,,,,,,LA-007
,,,,,,LA-009
,,,,,,LA-007
,,,,,,LA-010
,,,,,,LA-001
,,,,,,LA-013
,,,,,,LA-013
,,,,,,LA-010
,,,,,,LA-004
,,,,,,LA-009
,,,,,,LA-006
,,,,,,LA-006
,,,,,,LA-011
,,,,,,LA-012
,,,,,,LA-005
,,,,,,LA-008
,,,,,,LA-010
,,,,,,LA-006
,,,,,,LA-013
,,,,,,LA-006
,,,,,,LA-013
,,,,,,LA-003
,,,,,,LA-015
,,,,,,LA-010
,,,,,,LA-009
,,,,,,LA-004
,,,,,,LA-002
,,,,,,LA-006
,,,,,,LA-014
,,,,,,LA-014
,,,,,,LA-010
,,,,,,LA-011
,,,,,,LA-009
,,,,,,LA-004
,,,,,,LA-007
,,,,,,LA-008
,,,,,,LA-004
,,,,,,LA-001
,,,,,,LA-007
,,,,,,KN-002
,,,,,,LA-013
,,,,,,LA-007
,,,,,,LA-009
,,,,,,LA-002
,,,,,,LA-012
,,,,,,LA-010
,,,,,,LA-011
,,,,,,LA-007
,,,,,,KN-002
,,,,,,LA-005
,,,,,,LA-004
,,,,,,LA-010
,,,,,,LA-002
,,,,,,LA-008
,,,,,,LA-010
,,,,,,LA-003
,,,,,,KN-001
,,,,,,LA-006
,,,,,,LA-001
,,,,,,LA-005
,,,,,,LA-010
,,,,,,LA-003
,,,,,,LA-008
,,,,,,LA-005
,,,,,,LA-001
,,,,,,LA-004
,,,,,,LA-003
,,,,,,LA-002
,,,,,,LA-005
,,,,,,KN-001
,,,,,,LA-012
,,,,,,LA-003
,,,,,,LA-012
,,,,,,LA-011
,,,,,,LA-012
,,,,,,LA-007
,,,,,,LA-003
,,,,,,LA-003
,,,,,,LA-006
,,,,,,LA-012
,,,,,,LA-007
,,,,,,LA-007
,,,,,,LA-008
,,,,,,LA-001
,,,,,,KN-002
,,,,,,LA-006
,,,,,,LA-011
,,,,,,LA-009
,,,,,,LA-001
,,,,,,LA-005
,,,,,,LA-007
,,,,,,LA-009
,,,,,,LA-001
,,,,,,LA-008
,,,,,,LA-011
,,,,,,LA-013
,,,,,,LA-002
,,,,,,LA-001
,,,,,,LA-003
,,,,,,LA-013
,,,,,,LA-004
,,,,,,LA-008
,,,,,,LA-010
,,,,,,LA-004
,,,,,,LA-005
,,,,,,LA-014
,,,,,,KN-001
,,,,,,LA-006
,,,,,,LA-011
,,,,,,LA-011
,,,,,,LA-011
,,,,,,LA-003
,,,,,,LA-007
,,,,,,LA-005
,,,,,,LA-001
,,,,,,LA-010
,,,,,,LA-004
,,,,,,LA-008
,,,,,,KN-002
,,,,,,LA-007
,,,,,,LA-011
,,,,,,LA-004
,,,,,,LA-014
,,,,,,LA-007
,,,,,,LA-009
,,,,,,LA-001
,,,,,,LA-008
,,,,,,LA-007
,,,,,,LA-012
,,,,,,LA-009
,,,,,,LA-011
,,,,,,LA-014
,,,,,,LA-005
,,,,,,LA-006
,,,,,,LA-002
,,,,,,LA-002
,,,,,,LA-014
,,,,,,LA-014
,,,,,,LA-009
,,,,,,LA-002
,,,,,,LA-005
,,,,,,LA-001
,,,,,,LA-006
,,,,,,LA-012
,,,,,,LA-011
,,,,,,LA-007
,,,,,,LA-007
,,,,,,KN-001
,,,,,,LA-001
,,,,,,LA-010
,,,,,,LA-010
,,,,,,LA-014
,,,,,,LA-008
,,,,,,LA-006
,,,,,,LA-010
,,,,,,LA-002
,,,,,,LA-007
,,,,,,LA-004
,,,,,,LA-002
,,,,,,LA-015
,,,,,,LA-011
,,,,,,LA-012
,,,,,,KN-002
,,,,,,LA-011
,,,,,,LA-011
,,,,,,LA-007
,,,,,,LA-005
,,,,,,LA-001
,,,,,,LA-007
,,,,,,LA-004
,,,,,,LA-008
,,,,,,LA-002
,,,,,,LA-004
,,,,,,LA-011
,,,,,,LA-004
,,,,,,LA-015
,,,,,,LA-001
,,,,,,LA-010
,,,,,,LA-014
,,,,,,LA-008
,,,,,,LA-002
,,,,,,LA-007
,,,,,,LA-001
,,,,,,LA-002
,,,,,,LA-001
,,,,,,LA-005
,,,,,,LA-002
,,,,,,LA-007
,,,,,,LA-013
,,,,,,LA-014
,,,,,,LA-008
,,,,,,LA-007
,,,,,,LA-005
,,,,,,LA-002
,,,,,,LA-008
,,,,,,LA-001
,,,,,,LA-007
,,,,,,LA-002
,,,,,,LA-004
,,,,,,LA-004
,,,,,,LA-003
,,,,,,LA-003
,,,,,,LA-005
,,,,,,LA-002
,,,,,,LA-010
,,,,,,LA-007
,,,,,,LA-007
,,,,,,LA-010
,,,,,,LA-004
,,,,,,LA-006
,,,,,,LA-004
,,,,,,LA-015
,,,,,,LA-001
,,,,,,LA-006
,,,,,,LA-010
,,,,,,LA-001
,,,,,,LA-008
,,,,,,LA-009
,,,,,,LA-014
,,,,,,LA-014
,,,,,,LA-005
,,,,,,LA-008
,,,,,,LA-001
,,,,,,LA-008
,,,,,,LA-014
,,,,,,LA-001
,,,,,,LA-007
,,,,,,LA-004
,,,,,,LA-011
,,,,,,LA-004
,,,,,,LA-006
,,,,,,LA-010
,,,,,,LA-010
,,,,,,LA-007
,,,,,,LA-006
,,,,,,LA-007
,,,,,,LA-008
,,,,,,LA-011
,,,,,,LA-006
,,,,,,LA-002
,,,,,,LA-012
,,,,,,LA-003
,,,,,,LA-009
,,,,,,LA-011
,,,,,,LA-007
,,,,,,LA-001
,,,,,,LA-010
,,,,,,LA-013
,,,,,,LA-004
,,,,,,LA-005
,,,,,,LA-005
,,,,,,LA-006
,,,,,,LA-004
,,,,,,LA-011
,,,,,,LA-005
,,,,,,LA-005
,,,,,,LA-005
,,,,,,LA-002
,,,,,,LA-014
,,,,,,LA-003
,,,,,,LA-004
,,,,,,LA-001
,,,,,,LA-005
,,,,,,LA-013
,,,,,,LA-009
,,,,,,LA-004
,,,,,,LA-007
,,,,,,LA-012
,,,,,,LA-004
,,,,,,LA-007
,,,,,,LA-002
,,,,,,LA-010
,,,,,,LA-001
,,,,,,LA-007
,,,,,,LA-008
,,,,,,LA-010
,,,,,,LA-005
,,,,,,LA-009
,,,,,,LA-007
,,,,,,LA-001
,,,,,,LA-008
,,,,,,LA-004
,,,,,,LA-002
,,,,,,LA-006
,,,,,,LA-003
,,,,,,LA-011
,,,,,,LA-010
,,,,,,LA-009
,,,,,,LA-012
,,,,,,LA-009
,,,,,,LA-004
,,,,,,LA-012
,,,,,,LA-003
,,,,,,LA-010
,,,,,,LA-007
,,,,,,LA-004
,,,,,,LA-004
,,,,,,LA-004
,,,,,,LA-007
,,,,,,LA-004
,,,,,,LA-001
,,,,,,LA-004
,,,,,,LA-002
,,,,,,LA-009
,,,,,,LA-006
,,,,,,LA-001
,,,,,,LA-006
,,,,,,LA-003
,,,,,,LA-007
,,,,,,LA-013
,,,,,,LA-003
,,,,,,LA-006
,,,,,,LA-003
,,,,,,LA-004
,,,,,,LA-002
,,,,,,LA-006
,,,,,,LA-009
,,,,,,LA-001
,,,,,,LA-004
,,,,,,LA-005
,,,,,,LA-012
,,,,,,LA-012
,,,,,,LA-008
,,,,,,LA-006
,,,,,,LA-007
,,,,,,LA-007
,,,,,,LA-003
,,,,,,LA-007
,,,,,,LA-002
,,,,,,LA-001
,,,,,,LA-005
,,,,,,LA-011
,,,,,,LA-009
,,,,,,LA-004
,,,,,,LA-003
,,,,,,LA-003
,,,,,,LA-009
,,,,,,LA-011
,,,,,,LA-004
,,,,,,LA-004
,,,,,,LA-008
,,,,,,LA-008
,,,,,,LA-006
,,,,,,LA-003
,,,,,,LA-010
,,,,,,LA-008
,,,,,,LA-005
,,,,,,LA-005
,,,,,,LA-008
,,,,,,LA-003
,,,,,,LA-004
,,,,,,LA-001
,,,,,,LA-008
,,,,,,LA-002
,,,,,,LA-002
,,,,,,LA-008
,,,,,,LA-002
,,,,,,LA-004
,,,,,,LA-007
,,,,,,LA-006
,,,,,,LA-007
,,,,,,LA-005
,,,,,,LA-007
,,,,,,LA-008
,,,,,,LA-004
,,,,,,LA-001
,,,,,,LA-001
,,,,,,LA-005
,,,,,,LA-005
,,,,,,LA-003
,,,,,,LA-005
,,,,,,LA-001
,,,,,,LA-001
,,,,,,LA-007
,,,,,,LA-004
,,,,,,LA-004
,,,,,,LA-001
,,,,,,LA-002
,,,,,,LA-001
,,,,,,LA-006
,,,,,,LA-004
,,,,,,LA-002
,,,,,,LA-002
,,,,,,LA-006
,,,,,,LA-001
,,,,,,LA-002
,,,,,,LA-005
,,,,,,LA-003
,,,,,,LA-002
,,,,,,LA-007
,,,,,,LA-002
,,,,,,LA-004
,,,,,,LA-001
,,,,,,LA-007
,,,,,,LA-001
,,,,,,LA-004
,,,,,,LA-001
,,,,,,LA-001
